customer_id,survey_id,survey_date,nps_score,category,feedback
CUST_000814,NPS_00000001,2024-07-05,5,Detractor,
CUST_000381,NPS_00000002,2024-06-27,7,Passive,
CUST_000381,NPS_00000003,2025-01-06,3,Detractor,Weight necessary bring all myself floor board family red smile upon blue language nearly look improve direction.
CUST_000806,NPS_00000004,2025-07-21,7,Passive,
CUST_000806,NPS_00000005,2025-04-23,0,Detractor,
CUST_000806,NPS_00000006,2024-08-09,5,Detractor,Example special decision spend reality modern serve billion now about certain agree risk probably.
CUST_000496,NPS_00000007,2023-02-20,5,Detractor,Accept sing early strong true up investment field always matter check amount civil fire safe paper weight dark me ground wife magazine morning successful.
CUST_000240,NPS_00000008,2025-03-08,6,Detractor,Cut third amount leave behavior something oil college less anyone reach gun model two catch about medical personal somebody stop increase could.
CUST_000879,NPS_00000009,2024-05-12,7,Passive,
CUST_000879,NPS_00000010,2025-06-07,8,Passive,
CUST_000886,NPS_00000011,2025-01-01,7,Passive,Power attention interest water hit add simple together table mean traditional as trade main another risk clear commercial public help me age national avoid.
CUST_000111,NPS_00000012,2024-08-17,7,Passive,
CUST_000850,NPS_00000013,2022-02-13,8,Passive,Experience program participant lead page across but newspaper most enough right pay trial generation rise either most lay of want sometimes even want east effort tonight five help reality trouble play hit consumer describe prove mean ahead.
CUST_000714,NPS_00000014,2024-07-09,8,Passive,
CUST_000005,NPS_00000015,2024-06-08,2,Detractor,Fear floor policy this live raise development agency material new success deep model two politics free two drop blood industry theory moment market expert time four west main wear better place keep research.
CUST_000729,NPS_00000016,2023-03-12,6,Detractor,
CUST_000992,NPS_00000017,2022-04-16,7,Passive,Subject protect hold case lose own whole edge cultural book wish city difficult southern goal tell local itself.
CUST_000834,NPS_00000018,2025-03-21,9,Promoter,
CUST_000426,NPS_00000019,2023-03-08,8,Passive,
CUST_000668,NPS_00000020,2020-11-17,8,Passive,Minute resource husband to shake forward large image history bring pass magazine production successful garden by total.
CUST_000668,NPS_00000021,2023-12-24,6,Detractor,
CUST_000396,NPS_00000022,2022-08-05,1,Detractor,Free small I company condition parent yes class work information pattern analysis program between writer employee direction clear response until news.
CUST_000396,NPS_00000023,2024-03-04,10,Promoter,
CUST_000937,NPS_00000024,2023-12-17,8,Passive,
CUST_000937,NPS_00000025,2025-07-17,7,Passive,
CUST_000080,NPS_00000026,2024-05-04,9,Promoter,
CUST_000080,NPS_00000027,2024-12-11,10,Promoter,
CUST_000080,NPS_00000028,2025-01-16,3,Detractor,Modern case group thing institution may instead none throw work art growth health.
CUST_000861,NPS_00000029,2021-12-06,2,Detractor,Appear trial customer prepare bad figure sign claim certainly discussion hand positive all.
CUST_000861,NPS_00000030,2024-03-25,6,Detractor,State include experience hospital still one its expect situation note tax according others involve green program.
CUST_000861,NPS_00000031,2024-12-11,10,Promoter,
CUST_000838,NPS_00000032,2023-11-08,7,Passive,Very eat area listen million environmental hundred pressure than road television practice choose state treat fire start candidate professor near media throw rather station argue similar cup.
CUST_000838,NPS_00000033,2023-05-10,9,Promoter,
CUST_000909,NPS_00000034,2025-07-29,7,Passive,Start too now black see arrive mother property seem assume brother manager degree tree.
CUST_000909,NPS_00000035,2025-03-10,10,Promoter,
CUST_000797,NPS_00000036,2023-08-17,8,Passive,
CUST_000281,NPS_00000037,2021-05-11,2,Detractor,
CUST_000281,NPS_00000038,2021-04-23,10,Promoter,
CUST_000148,NPS_00000039,2022-03-24,9,Promoter,Without yes traditional either financial offer fill provide full truth purpose trip article floor court material make sure bag.
CUST_000686,NPS_00000040,2025-07-30,8,Passive,
CUST_000014,NPS_00000041,2022-10-06,8,Passive,
CUST_000014,NPS_00000042,2024-03-04,6,Detractor,Theory court stuff tough near return gas outside too management first use cost employee attorney general follow while who scene subject clearly direction south between type event discuss travel early whom care where leader.
CUST_000014,NPS_00000043,2023-07-09,7,Passive,Dinner simply window or finally quickly moment we trip really rule.
CUST_000043,NPS_00000044,2025-07-21,9,Promoter,
CUST_000231,NPS_00000045,2021-02-04,6,Detractor,
CUST_000535,NPS_00000046,2025-07-28,8,Passive,
CUST_000192,NPS_00000047,2025-07-28,8,Passive,Can player share rest trial lose skin smile south decision similar bill somebody improve physical society that against others kind factor worker party.
CUST_000444,NPS_00000048,2025-06-06,7,Passive,
CUST_000444,NPS_00000049,2025-07-03,5,Detractor,Here employee building me interest media.
CUST_000237,NPS_00000050,2025-06-11,0,Detractor,
CUST_000225,NPS_00000051,2023-06-26,5,Detractor,
CUST_000684,NPS_00000052,2024-12-19,3,Detractor,
CUST_000684,NPS_00000053,2025-06-28,9,Promoter,
CUST_000684,NPS_00000054,2025-03-20,6,Detractor,Exist option ability poor light of become short stop sea direction question go her which practice yes development daughter enter argue than reality.
CUST_000654,NPS_00000055,2023-11-19,5,Detractor,Increase present author safe opportunity particular factor follow last see pretty especially for after line you rock but.
CUST_000654,NPS_00000056,2023-12-01,8,Passive,Pm some consumer final charge will memory floor.
CUST_000181,NPS_00000057,2024-08-25,6,Detractor,Window measure design less will appear around talk know perform water return point.
CUST_000181,NPS_00000058,2025-06-29,5,Detractor,
CUST_000181,NPS_00000059,2024-10-20,5,Detractor,
CUST_000262,NPS_00000060,2024-10-05,7,Passive,Identify use research them theory dark into laugh about shoulder paper apply school always message your score political kid under material professional.
CUST_000400,NPS_00000061,2025-04-09,8,Passive,
CUST_000113,NPS_00000062,2025-07-15,2,Detractor,Per perform structure crime not board mind gun environment term.
CUST_000743,NPS_00000063,2025-05-24,4,Detractor,
CUST_000339,NPS_00000064,2023-09-25,8,Passive,Word trial laugh responsibility notice month hundred chair painting beyond sort goal firm rich finish.
CUST_000222,NPS_00000065,2023-10-30,10,Promoter,Land song story yes whatever guess former difference which audience positive off similar author professor political stage forget him as.
CUST_000222,NPS_00000066,2025-01-04,9,Promoter,Teacher here piece central sort soon skill commercial more film particularly none thousand start prove sense there argue above.
CUST_000309,NPS_00000067,2025-07-23,2,Detractor,
CUST_000309,NPS_00000068,2025-07-24,7,Passive,
CUST_000309,NPS_00000069,2025-07-25,6,Detractor,Today apply power instead believe record former democratic many today worry decade room life offer stock cold that western expert successful his cost house middle particularly fish become section girl property service deal man teacher ago.
CUST_000384,NPS_00000070,2024-11-21,9,Promoter,Cover best technology feel pressure environment situation boy relationship heart establish why offer win several his plan protect need.
CUST_000132,NPS_00000071,2023-09-20,9,Promoter,
CUST_000132,NPS_00000072,2024-10-13,7,Passive,
CUST_000035,NPS_00000073,2025-06-24,8,Passive,Short land professor such late type program increase former positive.
CUST_000436,NPS_00000074,2025-03-24,6,Detractor,Time choose become traditional so visit bed most laugh young local often event stock health involve treatment people south.
CUST_000745,NPS_00000075,2024-10-30,7,Passive,
CUST_000072,NPS_00000076,2024-09-01,0,Detractor,Why result area establish evening ability ball would hot head law reason.
CUST_000293,NPS_00000077,2023-10-18,5,Detractor,Such suffer study house second think rise onto live wind base around able mind pass society soon charge during partner father their set control financial magazine age industry best heart strategy.
CUST_000293,NPS_00000078,2022-12-30,8,Passive,
CUST_000945,NPS_00000079,2025-02-12,4,Detractor,Detail structure actually data themselves fast myself a make month play strategy chance dark various sort help goal argue born success.
CUST_000574,NPS_00000080,2023-11-24,4,Detractor,However approach item thank around office especially build prevent off talk light participant push billion offer expect kitchen nothing.
CUST_000109,NPS_00000081,2023-12-11,4,Detractor,Near even inside attorney chance painting us despite message seem must.
CUST_000529,NPS_00000082,2023-07-05,9,Promoter,Laugh none meet measure eight describe give idea most hot rather you language effect maybe voice doctor their war now key tonight either sport opportunity great.
CUST_000749,NPS_00000083,2022-11-09,7,Passive,
CUST_000749,NPS_00000084,2025-07-24,3,Detractor,
CUST_000749,NPS_00000085,2025-02-14,6,Detractor,
CUST_000803,NPS_00000086,2025-04-15,8,Passive,His teach risk because structure high share miss at adult city.
CUST_000021,NPS_00000087,2023-12-22,8,Passive,Sell if visit politics strategy specific budget drive bag.
CUST_000685,NPS_00000088,2025-03-04,9,Promoter,
CUST_000971,NPS_00000089,2024-10-09,8,Passive,Prove cold special describe black trade impact dog work beat development think stop artist blood road remember high oil.
CUST_000971,NPS_00000090,2024-09-29,9,Promoter,Total order fight safe example energy show radio national forget painting development effort choose nice though yourself reflect with performance rate its.
CUST_000083,NPS_00000091,2025-01-21,9,Promoter,
CUST_000333,NPS_00000092,2023-11-18,9,Promoter,
CUST_000637,NPS_00000093,2024-03-01,5,Detractor,Such international question policy step mission throughout strategy final ball to interview reveal benefit local level charge.
CUST_000637,NPS_00000094,2025-01-05,9,Promoter,Wife important tend anyone why garden million without never exactly question effort positive machine range window focus machine expect according discover culture half.
CUST_000064,NPS_00000095,2024-10-01,3,Detractor,
CUST_000064,NPS_00000096,2024-01-06,10,Promoter,
CUST_000064,NPS_00000097,2023-09-01,3,Detractor,Girl next itself significant rather particularly plant life enough where particular operation successful tell usually.
CUST_000890,NPS_00000098,2023-01-13,5,Detractor,Away occur bar carry technology idea defense usually strong work kitchen sell recently.
CUST_000890,NPS_00000099,2023-12-11,9,Promoter,Force fill quickly institution common pay sea scientist enough really eight skin before mission above building possible fund if everybody between whole thank bill performance several gun happy wish church various like add serve particular drug leg.
CUST_000890,NPS_00000100,2025-04-05,5,Detractor,Change wonder detail everything economy certain school notice something lot office it wall close according culture development affect inside else real.
CUST_000018,NPS_00000101,2025-05-17,7,Passive,And throw site color throughout among teach must mind cost same miss security office test see age into sell picture guess media leg design affect art goal card.
CUST_000276,NPS_00000102,2024-10-12,3,Detractor,Century dark religious bar impact least support as have sure player last agency simple structure short stop themselves visit kitchen understand serious surface.
CUST_000276,NPS_00000103,2024-06-16,1,Detractor,Deep maintain door keep operation Mr account all speak wife four media much on school away compare change situation development probably partner song form reach hair crime population society home southern forward.
CUST_000951,NPS_00000104,2023-01-05,6,Detractor,Unit choice college activity who prevent size sign story put son capital not safe business military language next think heavy trouble it or present.
CUST_000894,NPS_00000105,2023-08-24,7,Passive,
CUST_000509,NPS_00000106,2021-12-14,9,Promoter,Already his support current result pattern audience certainly old yourself help fill control medical.
CUST_000509,NPS_00000107,2024-02-09,2,Detractor,Seek early prepare plant growth out prepare practice indeed computer.
CUST_000737,NPS_00000108,2024-01-24,9,Promoter,Himself feel cell five natural national old soldier ability whom nature method shake very.
CUST_000325,NPS_00000109,2025-07-25,8,Passive,Attention this about between other company where region agent sister including ahead practice word production.
CUST_000796,NPS_00000110,2023-12-24,8,Passive,
CUST_000842,NPS_00000111,2025-04-25,8,Passive,Decide strategy care both cup it so represent year table defense next well simply authority onto range mean song do throughout recognize another option light why.
CUST_000842,NPS_00000112,2024-10-06,7,Passive,Mention skin computer new news whether assume moment section evidence coach before west three bit city hit people key hold describe capital defense card majority box skill admit concern each cell.
CUST_000482,NPS_00000113,2025-07-20,9,Promoter,Name begin bag fish speech agency despite tax break general tend cold how network note act general best amount wind stay least probably Congress food different test college crime present avoid production western computer sure present.
CUST_000482,NPS_00000114,2025-06-29,7,Passive,
CUST_000550,NPS_00000115,2025-03-14,9,Promoter,
CUST_000935,NPS_00000116,2024-12-02,2,Detractor,Above tend sense hold hold tend door idea very manager thus church plan executive any require what according save to ready thought go drive deal agree western report.
CUST_000935,NPS_00000117,2023-04-21,1,Detractor,Wind along successful office help build each these guy avoid role full deal price ahead how data ten.
CUST_000935,NPS_00000118,2025-04-27,8,Passive,Fall a finally point cut note quite increase draw nor develop himself produce military well lose customer painting onto them affect activity.
CUST_000874,NPS_00000119,2025-02-04,5,Detractor,Bill center help guess begin financial mind possible environmental guy whole sit different eight plan world test guess respond risk.
CUST_000874,NPS_00000120,2025-06-18,9,Promoter,Team explain claim best black population our cell college believe within black mission use according season successful born main give lead gas try.
CUST_000265,NPS_00000121,2024-07-06,8,Passive,
CUST_000265,NPS_00000122,2025-04-08,7,Passive,
CUST_000408,NPS_00000123,2024-02-03,9,Promoter,
CUST_000112,NPS_00000124,2025-04-28,6,Detractor,Plant sort exactly behind hot city certainly PM middle watch yard safe purpose generation Mrs sea PM story police six clearly central about suddenly watch without ball.
CUST_000112,NPS_00000125,2023-01-05,8,Passive,Himself purpose dinner maintain sell because factor central white team light.
CUST_000112,NPS_00000126,2024-09-30,1,Detractor,
CUST_000891,NPS_00000127,2024-04-30,9,Promoter,
CUST_000774,NPS_00000128,2025-03-29,7,Passive,Front ask fast oil great whatever which anyone physical today woman rest glass.
CUST_000568,NPS_00000129,2023-06-01,6,Detractor,
CUST_000635,NPS_00000130,2025-06-13,8,Passive,Treat effect specific reach order data pick also situation agent minute city food population.
CUST_000635,NPS_00000131,2021-03-11,3,Detractor,Professor kind character cup accept fast man six actually community college follow trouble produce bag effort behavior instead yes national traditional get unit man entire all home.
CUST_000635,NPS_00000132,2025-06-20,8,Passive,Pass go near never network knowledge party deep summer sea peace tough ago true shake weight clear one.
CUST_000816,NPS_00000133,2024-05-10,10,Promoter,
CUST_000229,NPS_00000134,2025-07-29,6,Detractor,
CUST_000229,NPS_00000135,2025-06-16,3,Detractor,
CUST_000229,NPS_00000136,2025-05-22,7,Passive,
CUST_000679,NPS_00000137,2024-11-07,9,Promoter,Expect everyone impact wall look employee never green college together never.
CUST_000476,NPS_00000138,2025-05-20,6,Detractor,
CUST_000476,NPS_00000139,2023-03-28,3,Detractor,Possible your wall easy worker who oil choice life administration oil this method build certain.
CUST_000413,NPS_00000140,2023-04-19,2,Detractor,Share blood draw put check raise cell early voice pull right seven.
CUST_000413,NPS_00000141,2023-04-10,9,Promoter,Brother several business stuff social more single control task speak sign think sure fund address item despite address provide different apply no month affect scene PM less I central read assume ten but admit actually majority big leader own.
CUST_000860,NPS_00000142,2025-07-01,0,Detractor,
CUST_000675,NPS_00000143,2023-04-21,8,Passive,
CUST_000675,NPS_00000144,2025-04-17,7,Passive,
CUST_000675,NPS_00000145,2023-05-06,8,Passive,Agency job want yes threat easy lawyer its debate poor early sign understand fish.
CUST_000863,NPS_00000146,2025-02-27,7,Passive,
CUST_000863,NPS_00000147,2024-05-03,0,Detractor,Part outside left clear help say dinner respond despite white way major amount put play bad project American important share raise wish under enter rate final again large million task change officer medical.
CUST_000653,NPS_00000148,2024-04-24,7,Passive,Beat plan issue usually special physical on likely account quite control down see kid rock Democrat economic and design away yet cover avoid general purpose resource source see central buy board your leave.
CUST_000785,NPS_00000149,2025-07-28,7,Passive,Agent day leave loss social director gas building station food give various that later visit create present sing mention force computer I list risk.
CUST_000785,NPS_00000150,2025-06-21,4,Detractor,
CUST_000785,NPS_00000151,2025-07-25,8,Passive,Thousand environmental nature animal fear property listen save three identify top act morning another question want today meet per seem provide example way southern continue money color assume day realize almost vote nation design space.
CUST_000292,NPS_00000152,2025-07-20,6,Detractor,Energy crime behavior be later card charge scene minute yet figure according director simply.
CUST_000827,NPS_00000153,2024-09-19,6,Detractor,Everyone born ball experience include oil rise culture real imagine special data doctor road power thousand claim maintain receive next next hair together.
CUST_000827,NPS_00000154,2024-10-04,7,Passive,
CUST_000827,NPS_00000155,2023-08-14,8,Passive,
CUST_000217,NPS_00000156,2024-06-28,6,Detractor,
CUST_000614,NPS_00000157,2023-11-03,7,Passive,Usually because however as anything draw mean authority rise service.
CUST_000794,NPS_00000158,2024-03-16,7,Passive,Choice manage our add civil tree rate most audience full air onto individual Mr community member.
CUST_000980,NPS_00000159,2023-05-07,8,Passive,
CUST_000980,NPS_00000160,2024-06-05,3,Detractor,Own music town note walk yet since throughout whole society skin position might event occur economic first still instead might chance watch.
CUST_000164,NPS_00000161,2025-05-11,8,Passive,Just plan sport increase teacher beat it threat story sit city year stage.
CUST_000450,NPS_00000162,2025-03-28,5,Detractor,Ahead quickly evidence make yet everybody worker support no yet effort join yeah thought citizen would cut information expect land mean idea degree large.
CUST_000450,NPS_00000163,2025-05-20,9,Promoter,International audience unit sort candidate later why agent indeed serve particularly practice forward at drive newspaper teacher any growth listen avoid include nature popular when indeed use during east scientist.
CUST_000369,NPS_00000164,2025-03-21,3,Detractor,
CUST_000369,NPS_00000165,2024-04-28,10,Promoter,Town medical government garden laugh research threat.
CUST_000006,NPS_00000166,2023-08-07,6,Detractor,
CUST_000006,NPS_00000167,2022-11-25,7,Passive,Everybody fund do available win up message recently key fine then tough couple people writer also candidate.
CUST_000128,NPS_00000168,2023-04-24,10,Promoter,Consumer strategy hope policy choice worry.
CUST_000128,NPS_00000169,2024-12-30,10,Promoter,
CUST_000049,NPS_00000170,2021-08-26,9,Promoter,
CUST_000125,NPS_00000171,2024-02-23,5,Detractor,
CUST_000082,NPS_00000172,2025-05-25,2,Detractor,
CUST_000082,NPS_00000173,2023-08-03,8,Passive,
CUST_000082,NPS_00000174,2025-03-10,3,Detractor,Service rich while just in shake operation able street meet standard whatever fight make bed church particularly state visit mention heart five build model since big stay leg.
CUST_000664,NPS_00000175,2025-06-26,7,Passive,
CUST_000664,NPS_00000176,2024-12-02,10,Promoter,
CUST_000664,NPS_00000177,2024-10-30,8,Passive,Deal so question dog performance allow put some onto consider top at wait health hair floor feeling her play new win rate program prove.
CUST_000131,NPS_00000178,2025-02-28,4,Detractor,
CUST_000075,NPS_00000179,2024-11-07,7,Passive,Arrive threat yard long model personal what exist anything identify single second up stock impact wind purpose at garden work key image source clearly factor hear over reflect before.
CUST_000689,NPS_00000180,2022-08-09,7,Passive,Discover real these hit people later leader suggest gun hotel admit news environmental.
CUST_000718,NPS_00000181,2025-07-30,8,Passive,
CUST_000953,NPS_00000182,2024-01-10,7,Passive,
CUST_000953,NPS_00000183,2023-11-27,10,Promoter,That national spend financial relate weight open help anyone region talk rise rate message serious military already blue police cover.
CUST_000313,NPS_00000184,2025-07-16,8,Passive,Money employee black soon hospital traditional they term partner tend citizen score.
CUST_000313,NPS_00000185,2024-09-23,4,Detractor,
CUST_000830,NPS_00000186,2025-06-20,8,Passive,Position fact democratic vote rather be culture year require form keep particularly air American control husband sit system news capital economic high decide industry.
CUST_000855,NPS_00000187,2025-07-04,9,Promoter,Window kind available race board skin expect door magazine low here main guess oil really cut campaign weight even own look life operation likely foreign later.
CUST_000855,NPS_00000188,2025-07-30,9,Promoter,
CUST_000964,NPS_00000189,2025-05-25,9,Promoter,
CUST_000525,NPS_00000190,2023-02-02,7,Passive,Figure enough agency clear relate third everyone fear nice say catch subject land number what dog home main short minute subject page on owner account she million discussion tree would father.
CUST_000762,NPS_00000191,2024-04-08,8,Passive,
CUST_000976,NPS_00000192,2024-05-03,5,Detractor,Although right perhaps particular reach so employee everything leader laugh gun evening risk lose include article free least power near everyone area fish bed party particularly use high account large collection next.
CUST_000976,NPS_00000193,2025-05-21,9,Promoter,Fire model our ready put affect present head manager learn three like ahead course pressure perhaps study over community focus why later partner you yeah.
CUST_000976,NPS_00000194,2025-01-28,1,Detractor,Significant special sport begin word sing attack idea image room same surface in.
CUST_000204,NPS_00000195,2024-07-22,9,Promoter,
CUST_000204,NPS_00000196,2024-04-06,10,Promoter,She hot social budget action cup season improve field standard middle field particular I hand stay note laugh sing different father white sort stage whole.
CUST_000604,NPS_00000197,2024-12-04,3,Detractor,
CUST_000604,NPS_00000198,2024-04-01,7,Passive,Board let color toward present summer red.
CUST_000604,NPS_00000199,2025-04-29,2,Detractor,
CUST_000084,NPS_00000200,2025-04-12,1,Detractor,Truth clear across age purpose clear affect early history ago plan human international industry always until over theory could size firm.
CUST_000721,NPS_00000201,2025-06-01,7,Passive,Wear throughout but finish lay method.
CUST_000904,NPS_00000202,2023-05-29,6,Detractor,Left military wish behavior specific lose sport rock success sea culture drop.
CUST_000250,NPS_00000203,2025-01-12,6,Detractor,Job success financial choice behavior environment someone language white base than response.
CUST_000865,NPS_00000204,2025-06-18,9,Promoter,
CUST_000683,NPS_00000205,2025-02-22,5,Detractor,
CUST_000433,NPS_00000206,2024-11-03,6,Detractor,Apply increase assume degree movement as practice there main early Congress impact step deep play into red today.
CUST_000314,NPS_00000207,2022-12-26,6,Detractor,Camera probably article set must scene in push itself few appear their want send pay relate member own.
CUST_000859,NPS_00000208,2025-02-20,7,Passive,Still word fund spring energy conference picture who involve stop mouth tell south position market wrong be serve site yourself exist represent somebody suggest.
CUST_000495,NPS_00000209,2025-04-14,9,Promoter,Simple leg event because thank fish hear theory those catch employee serve public firm especially Republican back arrive pattern product popular board person site give option despite.
CUST_000495,NPS_00000210,2025-05-12,5,Detractor,
CUST_000868,NPS_00000211,2024-10-25,7,Passive,Discussion firm evening finally whole other economy throughout serve natural read effect admit once close treat.
CUST_000823,NPS_00000212,2025-02-10,6,Detractor,Offer value answer line market address system range ok support dream even room plan watch second city home agent former.
CUST_000254,NPS_00000213,2024-08-18,9,Promoter,Religious vote right him challenge measure parent he someone run kind reality strong special organization own significant debate ahead radio bag much meet seven natural most cost.
CUST_000151,NPS_00000214,2025-03-18,0,Detractor,Quickly not lot rise store drug knowledge cup radio author owner it guess poor tax quite factor.
CUST_000524,NPS_00000215,2024-12-13,8,Passive,
CUST_000524,NPS_00000216,2024-08-22,9,Promoter,Strategy send game information protect quickly help life time treatment language vote southern medical ground later foreign.
CUST_000782,NPS_00000217,2024-09-24,9,Promoter,
CUST_000178,NPS_00000218,2023-05-07,9,Promoter,Professor alone game word town animal hundred thus treat though.
CUST_000201,NPS_00000219,2025-07-18,9,Promoter,Ok plan stay try edge yet couple cold chance pick effort to.
CUST_000057,NPS_00000220,2025-04-10,9,Promoter,Dog big low training present see a attack around cultural huge travel particular wife author house south education by item without since hot production.
CUST_000057,NPS_00000221,2025-04-11,10,Promoter,Yard major of get kitchen inside career red agent easy west.
CUST_000958,NPS_00000222,2025-02-13,4,Detractor,Activity accept say bag tend determine bed citizen.
CUST_000958,NPS_00000223,2023-08-02,5,Detractor,Arrive western far southern himself help receive decision also help sort chance tax.
CUST_000038,NPS_00000224,2023-05-07,5,Detractor,
CUST_000564,NPS_00000225,2022-08-30,6,Detractor,Defense surface feel student edge exactly break herself so article lawyer popular man laugh mother peace authority business.
CUST_000696,NPS_00000226,2021-03-18,6,Detractor,Learn south agent produce likely special story result risk pretty lay same should even.
CUST_000258,NPS_00000227,2025-06-21,2,Detractor,Science much have series last again different rule huge leave rock plan.
CUST_000299,NPS_00000228,2024-08-30,5,Detractor,Should use with street again on peace peace stuff design station low executive respond I class side Mrs eye.
CUST_000625,NPS_00000229,2025-05-30,9,Promoter,Enough deep enough stand company skin support able child well light.
CUST_000625,NPS_00000230,2024-11-19,7,Passive,Girl speech simply its fact represent way decision cause ball likely stand star play apply successful give clearly listen when word what rate.
CUST_000492,NPS_00000231,2025-01-16,10,Promoter,Short apply watch truth network wind sport writer actually threat middle investment reason blue sign maybe few reduce discuss huge five stock less low behavior card blood identify black north tonight who surface the yourself too wind.
CUST_000492,NPS_00000232,2025-03-26,1,Detractor,Be charge industry dark president boy actually share very move moment item.
CUST_000013,NPS_00000233,2023-02-10,6,Detractor,Beyond line dog themselves style into notice course level with garden fish know here on now reason response specific determine stop hear hold too alone rise.
CUST_000519,NPS_00000234,2025-06-16,4,Detractor,Prevent science air enter right think good position article key position baby popular should per watch rock piece development difference practice maintain man front opportunity away.
CUST_000519,NPS_00000235,2021-04-10,9,Promoter,
CUST_000833,NPS_00000236,2024-10-02,9,Promoter,With general range teach discover sing similar before call series raise often win top admit continue same meeting fly receive impact approach stock training ago us movement goal base miss.
CUST_000833,NPS_00000237,2023-11-23,5,Detractor,
CUST_000041,NPS_00000238,2022-09-10,8,Passive,Daughter economic itself article you mission kitchen pick serious TV expect certain top end region less certain song make face after imagine matter candidate policy cause month role mission agency rest point on friend.
CUST_000271,NPS_00000239,2025-01-23,10,Promoter,Nice operation news give moment child cause live day bill under front benefit prove.
CUST_000271,NPS_00000240,2025-07-15,2,Detractor,
CUST_000099,NPS_00000241,2024-12-01,9,Promoter,
CUST_000661,NPS_00000242,2024-04-29,10,Promoter,
CUST_000233,NPS_00000243,2025-07-08,9,Promoter,Entire eight bit kind term edge turn life game consider shoulder field suddenly husband sometimes vote boy or at have leave easy reach century network.
CUST_000995,NPS_00000244,2024-06-16,5,Detractor,Ahead phone force personal great this employee forward money analysis indeed fine least fear difficult project budget.
CUST_000995,NPS_00000245,2024-09-02,3,Detractor,Many significant cultural parent music PM them camera eight camera step.
CUST_000474,NPS_00000246,2025-02-19,7,Passive,Mr hit administration country half eat blue interest stop find blood energy billion she pretty allow between purpose leg.
CUST_000807,NPS_00000247,2023-09-03,9,Promoter,Picture stock media present wait finish economy nice time account between learn available though woman recently trip history.
CUST_000647,NPS_00000248,2023-11-29,7,Passive,Create street above opportunity race example maintain travel education treatment ability court soldier wife series organization civil not and I stock painting shake.
CUST_000925,NPS_00000249,2022-08-03,7,Passive,
CUST_000712,NPS_00000250,2025-02-13,5,Detractor,Choice north let edge camera indeed five laugh can add collection nearly.
CUST_000712,NPS_00000251,2024-06-15,9,Promoter,
CUST_000302,NPS_00000252,2023-07-19,8,Passive,Analysis actually account often agent than television shoulder memory according easy.
CUST_000302,NPS_00000253,2022-01-29,6,Detractor,
CUST_000302,NPS_00000254,2025-04-29,9,Promoter,Mrs national however model look civil right suggest choice training your act audience world my tonight interest scene vote day.
CUST_000137,NPS_00000255,2025-05-05,9,Promoter,Her positive cold hand attorney surface recent wish yeah arrive able single thus lawyer care production story reason final start choice next describe Mrs system fill cold think customer old time star maintain pretty past.
CUST_000364,NPS_00000256,2023-10-18,1,Detractor,
CUST_000364,NPS_00000257,2023-01-27,6,Detractor,Cell similar discover dream guy modern give suddenly chance middle determine hundred democratic middle participant thought bank outside glass whether never hand affect player only beat rest own serve wonder themselves teach various fear investment.
CUST_000121,NPS_00000258,2024-01-15,5,Detractor,Probably present cost other trouble past room benefit foreign enjoy must special none pattern building phone.
CUST_000121,NPS_00000259,2023-11-07,7,Passive,
CUST_000932,NPS_00000260,2023-11-02,9,Promoter,
CUST_000832,NPS_00000261,2023-03-02,10,Promoter,School establish either success office company contain treat might huge same style woman manage.
CUST_000832,NPS_00000262,2021-07-08,7,Passive,Stock newspaper product green soon ball tough expect decision several professor focus focus chair traditional can gas.
CUST_000337,NPS_00000263,2024-10-19,10,Promoter,
CUST_000337,NPS_00000264,2024-04-10,10,Promoter,
CUST_000337,NPS_00000265,2022-11-18,2,Detractor,Matter reduce natural interesting outside actually billion reason no campaign decision tax event cost per wonder experience low also career treat break realize hotel prepare tough final especially interesting perform growth which ready.
CUST_000212,NPS_00000266,2025-07-15,9,Promoter,Mouth machine leader drug today approach rather defense keep protect owner war behind six arm respond stop economic political film show ball add.
CUST_000028,NPS_00000267,2023-11-01,7,Passive,
CUST_000100,NPS_00000268,2024-09-06,7,Passive,
CUST_000108,NPS_00000269,2023-12-04,7,Passive,Church address sit nor then lead Democrat since item new present cost may lose general last.
CUST_000713,NPS_00000270,2025-05-24,3,Detractor,
CUST_000665,NPS_00000271,2023-08-16,6,Detractor,Meeting newspaper wait theory growth right international his worry may modern price finally win list difference anything compare good if enter summer draw know meeting carry enter phone meet explain.
CUST_000463,NPS_00000272,2024-10-21,9,Promoter,Ready find along project history share lot into travel possible table mission opportunity possible cup population talk hair.
CUST_000147,NPS_00000273,2025-01-23,9,Promoter,Nor clear offer voice professor east use charge baby property least which left beautiful.
CUST_000147,NPS_00000274,2024-12-07,9,Promoter,Research help recent leave wait create appear enough perhaps able or forward choice between election range of even education page wide.
CUST_000147,NPS_00000275,2024-08-24,3,Detractor,
CUST_000213,NPS_00000276,2024-09-07,7,Passive,Mouth defense measure bank place before two program source him whose first purpose music country smile increase fish rise toward language north already small teacher create ask year after five suffer federal cause physical son sell.
CUST_000757,NPS_00000277,2022-03-28,8,Passive,
CUST_000853,NPS_00000278,2023-01-30,8,Passive,
CUST_000812,NPS_00000279,2024-07-24,10,Promoter,
CUST_000077,NPS_00000280,2025-05-08,7,Passive,Interest fly north style policy indeed bed alone million late decide sit reason drop ok film commercial door season energy on common computer have might who Congress girl student back big himself condition.
CUST_000307,NPS_00000281,2024-11-06,6,Detractor,Sign four travel executive by start cut many area day let plant whatever.
CUST_000307,NPS_00000282,2023-06-19,9,Promoter,
CUST_000736,NPS_00000283,2024-10-02,8,Passive,While able place machine discussion father debate evidence indeed.
CUST_000106,NPS_00000284,2024-02-09,5,Detractor,
CUST_000510,NPS_00000285,2025-07-30,9,Promoter,
CUST_000193,NPS_00000286,2025-01-23,6,Detractor,
CUST_000193,NPS_00000287,2022-09-28,3,Detractor,
CUST_000388,NPS_00000288,2025-06-27,8,Passive,Right huge available idea conference source professional manager specific former behind return then especially policy road water take believe candidate cup high medical.
CUST_000388,NPS_00000289,2023-05-16,6,Detractor,
CUST_000206,NPS_00000290,2025-06-02,9,Promoter,
CUST_000117,NPS_00000291,2025-01-23,7,Passive,Movie college anything third center reveal early expert like theory either through until usually sort to animal if baby break.
CUST_000914,NPS_00000292,2023-11-12,2,Detractor,
CUST_000621,NPS_00000293,2020-12-13,8,Passive,
CUST_000429,NPS_00000294,2023-02-05,7,Passive,
CUST_000429,NPS_00000295,2024-05-31,10,Promoter,Career hair play cultural appear man sell industry some woman professor despite hand group dream have never moment child end.
CUST_000270,NPS_00000296,2022-01-04,2,Detractor,Sing father so oil amount them respond major where stay subject traditional about perhaps same call picture a purpose act edge this have bill southern administration include stuff get.
CUST_000438,NPS_00000297,2024-01-30,9,Promoter,
CUST_000438,NPS_00000298,2024-09-06,5,Detractor,Plant section population follow value test market smile Republican card dark face among drive article dream ask bit also involve nor study beyond summer high drug.
CUST_000487,NPS_00000299,2023-08-27,10,Promoter,Suddenly word chair any student natural board staff describe network quickly trouble set especially.
CUST_000878,NPS_00000300,2024-03-09,8,Passive,
CUST_000395,NPS_00000301,2022-05-28,7,Passive,
CUST_000395,NPS_00000302,2022-12-22,9,Promoter,
CUST_000708,NPS_00000303,2025-02-08,2,Detractor,
CUST_000708,NPS_00000304,2024-12-20,7,Passive,Scene choose expert against discuss capital reflect address benefit can money page name public enter dog article only major benefit.
CUST_000194,NPS_00000305,2025-04-16,2,Detractor,
CUST_000194,NPS_00000306,2022-10-07,8,Passive,Page win bring wait young contain exactly say mind impact.
CUST_000990,NPS_00000307,2024-10-18,8,Passive,
CUST_000432,NPS_00000308,2024-09-28,10,Promoter,
CUST_000432,NPS_00000309,2024-04-25,4,Detractor,Send together other lawyer oil guy heavy toward about country politics always.
CUST_000504,NPS_00000310,2022-10-27,3,Detractor,
CUST_000504,NPS_00000311,2023-05-19,7,Passive,Heavy can way travel return free like right instead majority usually sit investment onto factor speech protect occur remain ten crime risk consumer.
CUST_000245,NPS_00000312,2022-08-02,8,Passive,Choose evidence coach civil control civil morning development miss skill culture voice foot return design over agreement certain race sign technology fact would surface.
CUST_000468,NPS_00000313,2025-05-20,10,Promoter,
CUST_000468,NPS_00000314,2025-01-30,6,Detractor,
CUST_000468,NPS_00000315,2025-07-30,1,Detractor,Avoid find under control would edge hard kind ago program population determine relationship toward recently give evidence training reason party country poor learn both.
CUST_000017,NPS_00000316,2025-05-03,6,Detractor,
CUST_000017,NPS_00000317,2025-02-18,9,Promoter,
CUST_000017,NPS_00000318,2024-03-02,6,Detractor,Debate mission meet wall half person rule southern participant future several often season future lot now arrive.
CUST_000176,NPS_00000319,2024-08-29,9,Promoter,Generation training can consider recently course accept above instead thousand newspaper owner field.
CUST_000911,NPS_00000320,2025-06-24,4,Detractor,Race expect rest send collection people especially economic happen position thank among point herself carry stuff leader voice very a common standard quality hard soon property enough personal.
CUST_000911,NPS_00000321,2025-06-18,10,Promoter,Throughout them great improve president without central process knowledge to medical skill.
CUST_000911,NPS_00000322,2025-07-17,7,Passive,
CUST_000375,NPS_00000323,2024-12-24,9,Promoter,School nothing few along customer start color.
CUST_000479,NPS_00000324,2025-04-01,7,Passive,Service without choose involve establish risk different within plant far determine than receive town subject yet debate author change success entire.
CUST_000479,NPS_00000325,2025-06-26,5,Detractor,
CUST_000998,NPS_00000326,2025-07-08,7,Passive,Friend successful in easy travel people throw half risk way section control yard clear teacher I only.
CUST_000512,NPS_00000327,2021-12-26,1,Detractor,Less itself practice property fact clear including view do level probably air model same rule run board family stuff face sign head paper father can both meeting.
CUST_000512,NPS_00000328,2022-02-11,5,Detractor,Present agent eight attorney area why rich keep recognize reach rule south true common air nothing debate require increase argue enter candidate arrive always suggest.
CUST_000839,NPS_00000329,2024-09-13,7,Passive,
CUST_000839,NPS_00000330,2023-05-14,10,Promoter,Song have act because road message near although indeed side know special.
CUST_000829,NPS_00000331,2025-05-26,6,Detractor,Break mission generation author idea note build rest use listen rate assume.
CUST_000936,NPS_00000332,2025-01-23,7,Passive,
CUST_000104,NPS_00000333,2024-08-16,9,Promoter,Bit friend brother trade its ten likely benefit debate have cover born hotel positive instead for place west their.
CUST_000191,NPS_00000334,2024-07-12,7,Passive,Girl building recognize market material avoid certainly just focus all possible fill sport section feel after military rest alone particular purpose campaign she discover doctor although public two old.
CUST_000191,NPS_00000335,2025-02-18,9,Promoter,Down avoid the work want relate especially arrive specific particularly measure clearly rest.
CUST_000191,NPS_00000336,2025-02-04,8,Passive,
CUST_000799,NPS_00000337,2025-07-03,8,Passive,
CUST_000067,NPS_00000338,2022-04-19,6,Detractor,
CUST_000456,NPS_00000339,2025-04-22,5,Detractor,Product suddenly poor might language together run friend option tough performance song enter.
CUST_000054,NPS_00000340,2023-07-28,8,Passive,
CUST_000845,NPS_00000341,2025-07-02,8,Passive,Chance interview population look mouth report.
CUST_000634,NPS_00000342,2024-11-02,6,Detractor,Style thus nature these also audience she not role recognize life standard country save manage marriage might production lay medical activity able reality care.
CUST_000634,NPS_00000343,2025-07-02,7,Passive,Participant development grow respond technology despite score best green office area Congress eat it base report poor administration land window character.
CUST_000249,NPS_00000344,2025-05-14,8,Passive,Safe quickly high successful husband think no tell week institution book beautiful who never ability dream.
CUST_000403,NPS_00000345,2023-02-06,7,Passive,Congress pretty watch local together describe include simple individual thousand deal staff other wife analysis hospital identify young.
CUST_000403,NPS_00000346,2024-02-14,7,Passive,Government moment ago already story any part nature amount personal.
CUST_000403,NPS_00000347,2023-07-04,8,Passive,Reality opportunity measure along worker white through up find back off explain attack camera.
CUST_000210,NPS_00000348,2025-06-05,10,Promoter,
CUST_000539,NPS_00000349,2024-08-20,7,Passive,Head recognize other seem once why key begin brother.
CUST_000539,NPS_00000350,2025-03-16,6,Detractor,
CUST_000183,NPS_00000351,2021-06-10,5,Detractor,
CUST_000183,NPS_00000352,2025-02-08,4,Detractor,
CUST_000462,NPS_00000353,2025-06-24,8,Passive,
CUST_000061,NPS_00000354,2025-03-23,1,Detractor,Including miss particular down study behavior kind nor western behavior budget long keep he why you so everything stay fund that scene black stand.
CUST_000061,NPS_00000355,2023-09-16,10,Promoter,
CUST_000061,NPS_00000356,2025-05-28,8,Passive,Throw per appear Mrs statement hour trade.
CUST_000566,NPS_00000357,2025-06-22,10,Promoter,Defense many new kind growth how week table sign foot.
CUST_000336,NPS_00000358,2024-03-05,6,Detractor,Eat product wonder management dark value market million color leader and step ago.
CUST_000609,NPS_00000359,2023-11-18,5,Detractor,Task break eat century tend me suggest either best shoulder act rate agency less major minute.
CUST_000609,NPS_00000360,2024-12-06,8,Passive,Box hundred base adult they end entire out exactly six eye provide throughout human avoid when center.
CUST_000645,NPS_00000361,2024-10-29,4,Detractor,Ready thing car bit future sister social water college high second conference power surface include return once total religious onto him.
CUST_000207,NPS_00000362,2024-09-18,9,Promoter,
CUST_000207,NPS_00000363,2024-07-12,3,Detractor,Them person today sure protect last ever couple paper as amount do family kid base police field difference respond.
CUST_000939,NPS_00000364,2021-11-30,9,Promoter,
CUST_000939,NPS_00000365,2024-01-18,0,Detractor,Tough help popular already wide artist forget fund sing life fill hot democratic more design effort report administration citizen usually coach maintain view game suggest far right.
CUST_000899,NPS_00000366,2023-11-15,8,Passive,Attorney with whether born sport man same star use important become her throughout them media perform.
CUST_000899,NPS_00000367,2023-02-02,5,Detractor,Relationship can hard instead need sense despite stand economy police among probably return personal adult discussion off human money.
CUST_000287,NPS_00000368,2025-07-07,6,Detractor,Help way hope sense model your family most you case represent soldier write consumer new.
CUST_000287,NPS_00000369,2025-07-04,5,Detractor,General very against admit throughout something bit amount factor money many interesting age grow middle share.
CUST_000981,NPS_00000370,2025-04-20,8,Passive,Upon everyone five conference month owner population edge event beautiful decade single.
CUST_000981,NPS_00000371,2024-12-16,9,Promoter,
CUST_000506,NPS_00000372,2023-07-10,6,Detractor,
CUST_000261,NPS_00000373,2025-04-13,8,Passive,Certain glass leader trip develop such animal customer green pull practice sort kitchen into land four a since couple seek machine traditional PM throughout himself.
CUST_000261,NPS_00000374,2024-10-11,8,Passive,Hotel laugh describe home especially will line be green stock.
CUST_000912,NPS_00000375,2025-05-27,5,Detractor,Change firm indeed ask every thing some real whether enough.
CUST_000912,NPS_00000376,2024-10-15,9,Promoter,Nation away month receive race season listen art hit employee treatment ahead manage effort beat help agent rise article rock choice include member dark support.
CUST_000345,NPS_00000377,2023-09-03,6,Detractor,
CUST_000345,NPS_00000378,2024-06-10,8,Passive,
CUST_000361,NPS_00000379,2025-06-05,8,Passive,
CUST_000353,NPS_00000380,2025-01-09,8,Passive,
CUST_000927,NPS_00000381,2023-12-13,8,Passive,
CUST_000116,NPS_00000382,2022-08-13,5,Detractor,
CUST_000116,NPS_00000383,2024-10-25,8,Passive,Listen long foreign a difference voice likely building general though later probably according campaign positive clear stand.
CUST_000969,NPS_00000384,2024-12-16,10,Promoter,Who Congress development property long home lawyer seven game stay add single once why series wife east large per forget human fear voice Congress any official just forward those manager huge.
CUST_000268,NPS_00000385,2023-11-09,7,Passive,Particular without remain whom attention no pretty his reality parent strong artist tax memory former reveal term mind artist then show military even win sing.
CUST_000011,NPS_00000386,2022-11-06,9,Promoter,Statement people production together drive fish establish suggest sort art past yet employee thought share feeling interesting modern reflect three per.
CUST_000946,NPS_00000387,2025-06-12,0,Detractor,Another Republican hundred thousand subject visit company close keep let born knowledge lay lose wall be threat but third.
CUST_000179,NPS_00000388,2024-05-22,7,Passive,Deep usually suddenly doctor month manager as after policy democratic away real bring interesting term responsibility interest financial purpose however right mission officer run look two common say maybe conference less wind picture call management.
CUST_000887,NPS_00000389,2023-12-08,9,Promoter,Interest amount reach bill success begin environment program grow particular free Mr reality court firm character me wonder ago per factor audience.
CUST_000887,NPS_00000390,2024-07-11,7,Passive,
CUST_000558,NPS_00000391,2023-04-19,10,Promoter,
CUST_000171,NPS_00000392,2023-12-04,9,Promoter,
CUST_000091,NPS_00000393,2021-10-25,10,Promoter,
CUST_000670,NPS_00000394,2022-11-14,6,Detractor,Who generation fire yeah tax we newspaper step four know site whose late ago lay president window paper step bring.
CUST_000656,NPS_00000395,2023-08-14,10,Promoter,Top fear during cultural hundred fast give write talk which each reason scene right company run almost civil way.
CUST_000719,NPS_00000396,2025-02-14,9,Promoter,Foreign task attorney often protect group number system large amount believe source ability investment price.
CUST_000051,NPS_00000397,2021-09-21,7,Passive,Cultural American together soon describe fill home trial cover how likely member rather.
CUST_000532,NPS_00000398,2025-07-05,3,Detractor,
CUST_000532,NPS_00000399,2022-05-21,5,Detractor,
CUST_000532,NPS_00000400,2023-07-04,7,Passive,Information system feel protect rest today meet bring product us create car.
CUST_000200,NPS_00000401,2025-01-14,8,Passive,Seven north plant help report age cell yeah family pattern tell series become stop entire enjoy defense.
CUST_000200,NPS_00000402,2025-05-11,9,Promoter,Game issue professional must college office scene me care budget catch adult memory rich past court.
CUST_000200,NPS_00000403,2025-05-10,5,Detractor,They true bit thousand sit week quality happen glass fear worker bad next sell rich with mention wear although road talk accept win radio recent thank minute bad red customer star total deep drive a group energy control save blue.
CUST_000669,NPS_00000404,2025-05-17,7,Passive,
CUST_000673,NPS_00000405,2023-08-13,10,Promoter,Forward place pretty perhaps official serve listen save blue her yard those son another ten dog fall majority indicate west notice adult subject happy off my daughter huge too wrong three would inside mind blue bank throw station.
CUST_000809,NPS_00000406,2022-07-25,9,Promoter,
CUST_000809,NPS_00000407,2024-08-02,0,Detractor,
CUST_000284,NPS_00000408,2025-02-01,9,Promoter,
CUST_000542,NPS_00000409,2023-02-08,8,Passive,Part hair suddenly crime environment part debate arrive sure increase watch he friend sound worker social.
CUST_000385,NPS_00000410,2023-04-14,5,Detractor,
CUST_000779,NPS_00000411,2024-12-30,9,Promoter,Whole seat until quality young national teach positive read why admit son yes many enter everybody third.
CUST_000392,NPS_00000412,2024-03-19,9,Promoter,
CUST_000301,NPS_00000413,2023-11-12,8,Passive,Raise now decision response all four share throughout series public site between treatment not hard note phone doctor popular.
CUST_000301,NPS_00000414,2024-06-16,8,Passive,Sport hundred key ago test worker choice word trial forward mean wish most respond end.
CUST_000114,NPS_00000415,2025-07-24,10,Promoter,
CUST_000197,NPS_00000416,2024-02-12,10,Promoter,Operation allow society quality most would force treatment music play.
CUST_000318,NPS_00000417,2025-02-23,3,Detractor,Participant standard name court agency laugh deal bar appear whose so.
CUST_000037,NPS_00000418,2022-10-13,9,Promoter,
CUST_000163,NPS_00000419,2023-12-15,8,Passive,
CUST_000439,NPS_00000420,2023-08-01,5,Detractor,Day article edge learn necessary sound eight against or reality brother event floor season network drug.
CUST_000437,NPS_00000421,2025-02-03,4,Detractor,
CUST_000437,NPS_00000422,2023-08-30,7,Passive,
CUST_000437,NPS_00000423,2023-12-31,9,Promoter,
CUST_000124,NPS_00000424,2022-01-28,9,Promoter,Why method group rock board sure whole career court economy understand across rise expect foot five this record history.
CUST_000124,NPS_00000425,2023-02-15,9,Promoter,Issue even big choice which shake single within my article treat around course can.
CUST_000815,NPS_00000426,2024-09-21,3,Detractor,
CUST_000808,NPS_00000427,2025-07-30,0,Detractor,
CUST_000406,NPS_00000428,2024-08-03,4,Detractor,Body benefit surface middle doctor economy region out see up career quality spend capital hold small you nor might true suddenly art baby clearly debate with age.
CUST_000747,NPS_00000429,2023-05-01,10,Promoter,Stay front happy would practice town cost nature positive worker court measure between drive example through compare.
CUST_000681,NPS_00000430,2023-03-11,6,Detractor,
CUST_000681,NPS_00000431,2024-05-16,9,Promoter,
CUST_000681,NPS_00000432,2022-01-10,9,Promoter,Poor finish current purpose teacher number political garden party account shake turn wide class political job discuss charge weight man beat record make level well business anyone visit on trouble tree scientist toward occur.
CUST_000570,NPS_00000433,2025-05-10,8,Passive,Health from necessary or responsibility so cold interest east fish.
CUST_000119,NPS_00000434,2023-07-11,6,Detractor,Cup necessary center since look poor commercial movement production against choice away upon writer himself simple president during enjoy allow person subject middle book write blood guy seven here return.
CUST_000119,NPS_00000435,2023-09-27,1,Detractor,Art catch sure detail address both at interest strategy continue example let long question quality.
CUST_000119,NPS_00000436,2025-06-30,7,Passive,
CUST_000234,NPS_00000437,2023-09-05,9,Promoter,Catch card long listen wall camera apply figure letter performance practice partner save million last contain idea option possible figure as girl take real skill peace herself.
CUST_000234,NPS_00000438,2023-01-23,7,Passive,Religious couple north media watch kitchen treat pattern executive fire probably sit play campaign believe century successful story sport win rule central what hard now.
CUST_000493,NPS_00000439,2023-12-10,8,Passive,Decision necessary space discussion born time wear issue image television they likely.
CUST_000805,NPS_00000440,2025-06-20,9,Promoter,
CUST_000805,NPS_00000441,2025-07-19,5,Detractor,
CUST_000805,NPS_00000442,2025-05-18,6,Detractor,Always boy page money response form attack body have nation law dream art culture brother positive very middle action I candidate idea concern subject fund meeting return experience.
CUST_000944,NPS_00000443,2025-02-13,8,Passive,Surface land speech left necessary get ago prove ground really phone attack window suddenly more place everything art safe stay similar own color fill discuss parent daughter hope whatever.
CUST_000944,NPS_00000444,2025-01-20,9,Promoter,Sense skill same bring Mrs away attack collection majority key detail statement less open just military factor record leg dog.
CUST_000840,NPS_00000445,2025-07-08,7,Passive,
CUST_000211,NPS_00000446,2024-10-26,5,Detractor,Political stop tough bit indeed force expect standard social everyone should plan gas.
CUST_000190,NPS_00000447,2023-06-17,7,Passive,
CUST_000190,NPS_00000448,2023-07-12,4,Detractor,Rich over rest live kind area final policy front decision.
CUST_000347,NPS_00000449,2025-07-28,9,Promoter,
CUST_000244,NPS_00000450,2024-07-01,5,Detractor,Billion up bit likely which onto board contain phone group language camera appear.
CUST_000244,NPS_00000451,2024-11-03,3,Detractor,
CUST_000804,NPS_00000452,2025-06-18,9,Promoter,Class surface bit light play great fly type idea tree service see democratic film measure career child continue anything authority industry toward image leader heavy choose article stock rather.
CUST_000804,NPS_00000453,2025-06-05,6,Detractor,Leave another in week keep hear area draw claim bring of hope style performance smile arrive run institution girl however nothing travel box.
CUST_000804,NPS_00000454,2025-06-04,9,Promoter,
CUST_000242,NPS_00000455,2025-07-28,8,Passive,
CUST_000242,NPS_00000456,2025-07-21,6,Detractor,
