customer_id,ticket_id,creation_date,issue_type,priority,status,resolution_time_hours,satisfaction_rating,channel,agent_id
CUST_000836,TKT_00000001,2024-11-26,Technical Support,Medium,Closed,45.349431408928616,2,Chat,AGT_031
CUST_000916,TKT_00000002,2023-07-08,Technical Support,High,Closed,5.920365640270868,2,Email,AGT_034
CUST_000916,TKT_00000003,2023-08-06,Billing,Low,Closed,14.292924713967118,4,App,AGT_037
CUST_000949,TKT_00000004,2024-05-09,Billing,Medium,In Progress,4.741918269185378,2,App,AGT_015
CUST_000838,TKT_00000005,2023-05-30,Sales Inquiry,Medium,Closed,3.780809027458426,3,Email,AGT_047
CUST_000838,TKT_00000006,2024-08-23,Sales Inquiry,High,Closed,3.174148978051046,2,Chat,AGT_036
CUST_000845,TKT_00000007,2025-07-01,Sales Inquiry,Low,Closed,3.674110765193719,4,Chat,AGT_014
CUST_000845,TKT_00000008,2025-05-09,Service Change,Critical,Closed,2.2329563376498553,5,App,AGT_023
CUST_000169,TKT_00000009,2023-03-21,Billing,Low,Closed,8.42962476396633,5,App,AGT_036
CUST_000060,TKT_00000010,2023-04-12,Complaint,High,Closed,34.71916702997292,3,In Store,AGT_004
CUST_000060,TKT_00000011,2023-11-23,Complaint,High,Closed,10.103875178337947,4,App,AGT_027
CUST_000857,TKT_00000012,2023-12-05,Sales Inquiry,Medium,Closed,1.6173283896195547,4,Email,AGT_047
CUST_000088,TKT_00000013,2025-05-23,Service Change,Low,Closed,4.057298365770167,4,App,AGT_050
CUST_000088,TKT_00000014,2025-07-10,Billing,Low,In Progress,9.839833337262608,5,Email,AGT_046
CUST_000088,TKT_00000015,2025-06-30,Technical Support,Low,Closed,34.537507912432766,2,Phone,AGT_001
CUST_000334,TKT_00000016,2025-02-14,Sales Inquiry,Medium,Closed,2.698926673684359,5,Email,AGT_033
CUST_000766,TKT_00000017,2025-06-24,Complaint,Medium,In Progress,33.49887949715996,2,Email,AGT_038
CUST_000047,TKT_00000018,2022-08-30,Complaint,Low,Closed,28.253349626339162,5,Email,AGT_009
CUST_000047,TKT_00000019,2025-03-02,Billing,Medium,Closed,23.880881121877863,2,App,AGT_027
CUST_000294,TKT_00000020,2025-06-29,Sales Inquiry,Medium,Closed,0.7973621951993191,4,App,AGT_024
CUST_000605,TKT_00000021,2025-01-14,Billing,Low,Closed,15.483647201382738,4,Email,AGT_027
CUST_000673,TKT_00000022,2022-08-26,Service Change,High,Closed,7.072138699407549,5,Email,AGT_036
CUST_000673,TKT_00000023,2023-10-24,Complaint,Low,Closed,47.66098097263038,3,Chat,AGT_043
CUST_000335,TKT_00000024,2024-10-08,Billing,Medium,Closed,18.35957437047275,5,In Store,AGT_041
CUST_000719,TKT_00000025,2024-12-28,Complaint,Medium,Closed,20.848372471235752,5,Email,AGT_011
CUST_000719,TKT_00000026,2024-02-14,Technical Support,Low,In Progress,62.421623106363256,4,Email,AGT_023
CUST_000667,TKT_00000027,2024-12-31,Sales Inquiry,Low,Closed,1.0868838741356244,3,In Store,AGT_005
CUST_000667,TKT_00000028,2025-03-23,Billing,Low,Closed,12.647423115395341,2,In Store,AGT_045
CUST_000518,TKT_00000029,2023-04-10,Service Change,High,Open,7.2456541820907505,4,Phone,AGT_045
CUST_000518,TKT_00000030,2025-01-25,Sales Inquiry,Medium,Closed,3.059139889536546,4,Phone,AGT_044
CUST_000518,TKT_00000031,2022-07-29,Complaint,Low,In Progress,43.48849805517825,2,In Store,AGT_037
CUST_000761,TKT_00000032,2024-02-14,Service Change,Low,Open,1.0792757568858777,4,In Store,AGT_045
CUST_000621,TKT_00000033,2025-02-16,Service Change,Low,Closed,1.6577905186141413,3,App,AGT_045
CUST_000229,TKT_00000034,2025-06-29,Billing,Low,Closed,15.966561746589425,3,In Store,AGT_027
CUST_000229,TKT_00000035,2025-07-17,Service Change,Medium,Closed,7.965765868395076,5,App,AGT_044
CUST_000229,TKT_00000036,2025-07-30,Billing,Low,Closed,19.999497277241943,4,In Store,AGT_021
CUST_000229,TKT_00000037,2025-05-29,Sales Inquiry,Low,Closed,1.2730670848151213,5,Chat,AGT_018
CUST_000825,TKT_00000038,2024-01-17,Complaint,Medium,Open,7.754600554746965,5,In Store,AGT_007
CUST_000825,TKT_00000039,2023-04-26,Billing,Low,Closed,2.835602668308579,5,Phone,AGT_028
CUST_000825,TKT_00000040,2024-05-03,Technical Support,High,Closed,45.26785450182445,1,Email,AGT_043
CUST_000245,TKT_00000041,2024-11-08,Technical Support,High,Closed,45.13522682107505,5,Phone,AGT_027
CUST_000235,TKT_00000042,2025-01-31,Complaint,Medium,Closed,14.81315442125411,3,Phone,AGT_039
CUST_000708,TKT_00000043,2025-03-06,Service Change,Medium,Closed,7.817185390930783,3,App,AGT_032
CUST_000284,TKT_00000044,2025-03-10,Sales Inquiry,Low,In Progress,3.406004312926464,1,Phone,AGT_033
CUST_000284,TKT_00000045,2025-04-29,Sales Inquiry,Medium,Closed,1.9119069006519767,5,Email,AGT_046
CUST_000284,TKT_00000046,2025-06-20,Technical Support,Low,Closed,38.04919877319466,5,Email,AGT_040
CUST_000401,TKT_00000047,2024-07-26,Service Change,Medium,Closed,1.6067970664792988,5,Email,AGT_020
CUST_000977,TKT_00000048,2023-08-27,Service Change,Medium,Closed,6.098333321829489,4,In Store,AGT_029
CUST_000977,TKT_00000049,2023-09-17,Sales Inquiry,Medium,Closed,3.7301228066910572,3,Phone,AGT_001
CUST_000729,TKT_00000050,2022-08-08,Technical Support,Low,Closed,25.11499683527207,4,App,AGT_011
CUST_000981,TKT_00000051,2025-07-27,Complaint,High,Closed,14.942385074071238,3,In Store,AGT_010
CUST_000111,TKT_00000052,2024-10-28,Technical Support,Medium,Closed,31.218837243539102,3,In Store,AGT_030
CUST_000768,TKT_00000053,2024-08-21,Complaint,High,Closed,25.218911539005916,3,Phone,AGT_018
CUST_000083,TKT_00000054,2022-08-27,Complaint,Low,Closed,34.96904816516238,3,Chat,AGT_044
CUST_000083,TKT_00000055,2022-12-03,Sales Inquiry,Critical,Closed,3.7742911209456613,4,Phone,AGT_031
CUST_000828,TKT_00000056,2024-10-27,Complaint,Low,In Progress,12.774099479127372,4,Email,AGT_034
CUST_000828,TKT_00000057,2024-08-03,Complaint,Medium,Closed,21.452263503030665,5,Phone,AGT_001
CUST_000282,TKT_00000058,2023-09-23,Billing,Low,In Progress,20.548447177237584,4,Chat,AGT_046
CUST_000594,TKT_00000059,2025-04-06,Complaint,Low,Closed,21.6263625886897,5,Email,AGT_009
CUST_000921,TKT_00000060,2025-01-06,Sales Inquiry,High,Open,3.020191345425643,5,In Store,AGT_041
CUST_000921,TKT_00000061,2024-09-12,Service Change,High,Closed,7.827268857103092,4,Phone,AGT_039
CUST_000824,TKT_00000062,2024-05-19,Sales Inquiry,Medium,Open,3.7603370025092713,5,Email,AGT_049
CUST_000556,TKT_00000063,2024-12-09,Sales Inquiry,Medium,Closed,2.500534392256695,5,In Store,AGT_002
CUST_000556,TKT_00000064,2024-09-13,Technical Support,Medium,Closed,32.79199267285735,5,In Store,AGT_004
CUST_000556,TKT_00000065,2025-03-12,Technical Support,Low,Closed,12.248044418549759,4,Email,AGT_029
CUST_000519,TKT_00000066,2022-06-29,Service Change,Low,Closed,3.4092023253164316,5,In Store,AGT_026
CUST_000519,TKT_00000067,2023-09-30,Complaint,Medium,Closed,25.358828019009223,4,App,AGT_024
CUST_000519,TKT_00000068,2023-05-09,Service Change,Low,Open,1.7146115600897056,2,Email,AGT_046
CUST_000784,TKT_00000069,2024-05-03,Complaint,Medium,Closed,37.54812290066435,5,Email,AGT_017
CUST_000135,TKT_00000070,2025-05-19,Service Change,Low,Closed,2.1604789737389014,5,App,AGT_017
CUST_000472,TKT_00000071,2023-08-22,Sales Inquiry,Low,Closed,0.9464558665168794,3,App,AGT_021
CUST_000445,TKT_00000072,2024-09-17,Technical Support,Low,Closed,17.48948406054148,5,App,AGT_025
CUST_000445,TKT_00000073,2023-12-29,Billing,Low,Closed,14.81042056016454,1,Phone,AGT_018
CUST_000287,TKT_00000074,2025-04-03,Technical Support,Medium,Closed,3.6850458322500783,5,In Store,AGT_004
CUST_000287,TKT_00000075,2025-01-12,Technical Support,Low,Open,63.170745183889814,5,Email,AGT_003
CUST_000406,TKT_00000076,2025-04-22,Technical Support,Medium,Closed,4.975685409961536,5,In Store,AGT_010
CUST_000018,TKT_00000077,2025-05-10,Sales Inquiry,High,Closed,1.0660239005663694,4,Chat,AGT_010
CUST_000018,TKT_00000078,2025-06-04,Sales Inquiry,Medium,Closed,2.473342654638933,4,App,AGT_038
CUST_000018,TKT_00000079,2025-03-16,Billing,Low,Closed,20.836727974285314,4,Phone,AGT_039
CUST_000900,TKT_00000080,2023-08-06,Sales Inquiry,High,Closed,2.16143396745261,1,Chat,AGT_042
CUST_000417,TKT_00000081,2025-05-06,Sales Inquiry,Medium,Closed,3.6225759366300956,4,Phone,AGT_019
CUST_000048,TKT_00000082,2025-05-08,Service Change,Low,Closed,7.505139737086476,3,In Store,AGT_041
CUST_000855,TKT_00000083,2025-06-24,Technical Support,Low,Closed,41.925228210488086,4,In Store,AGT_029
CUST_000597,TKT_00000084,2025-03-06,Billing,Medium,Open,9.52145007657218,4,Chat,AGT_022
CUST_000017,TKT_00000085,2023-10-15,Service Change,Low,Closed,7.368390314942194,4,In Store,AGT_021
CUST_000017,TKT_00000086,2025-02-20,Service Change,Low,Closed,5.118418780617114,4,Phone,AGT_039
CUST_000017,TKT_00000087,2022-12-23,Technical Support,Medium,Closed,15.366348597103872,4,Chat,AGT_049
CUST_000063,TKT_00000088,2025-02-25,Service Change,High,Closed,4.656959418962977,4,App,AGT_046
CUST_000063,TKT_00000089,2024-11-06,Sales Inquiry,High,Closed,2.0506134416265507,4,App,AGT_027
CUST_000161,TKT_00000090,2022-05-22,Billing,Low,Open,8.835350711089879,3,Chat,AGT_002
CUST_000168,TKT_00000091,2021-08-14,Billing,Critical,Closed,20.432950156246438,2,Phone,AGT_026
CUST_000168,TKT_00000092,2024-05-16,Billing,Low,Closed,9.112548561812874,5,App,AGT_030
CUST_000929,TKT_00000093,2024-09-07,Technical Support,Low,Closed,12.654685305597585,5,Chat,AGT_038
CUST_000929,TKT_00000094,2024-08-04,Complaint,Medium,Closed,25.297423575008867,4,In Store,AGT_048
CUST_000842,TKT_00000095,2025-06-19,Technical Support,High,Closed,39.08082029387884,5,In Store,AGT_035
CUST_000842,TKT_00000096,2025-02-09,Billing,High,Closed,22.795255236482944,5,Chat,AGT_003
CUST_000842,TKT_00000097,2024-07-04,Service Change,Low,Closed,6.024497801159307,5,Email,AGT_017
CUST_000299,TKT_00000098,2024-06-16,Complaint,Low,Closed,37.61270537919169,4,App,AGT_021
CUST_000299,TKT_00000099,2024-01-04,Technical Support,Medium,Closed,45.64193253380424,3,Email,AGT_006
CUST_000743,TKT_00000100,2024-11-30,Technical Support,High,Closed,27.80602916700923,1,Phone,AGT_007
CUST_000743,TKT_00000101,2025-06-26,Sales Inquiry,Medium,Open,1.614337112796999,3,In Store,AGT_042
CUST_000743,TKT_00000102,2024-08-31,Sales Inquiry,Medium,Closed,2.874350103760125,5,App,AGT_011
CUST_000697,TKT_00000103,2021-08-30,Complaint,Medium,Closed,44.87643756062,3,In Store,AGT_025
CUST_000697,TKT_00000104,2021-10-29,Sales Inquiry,Medium,Closed,3.6674385146213218,3,In Store,AGT_024
CUST_000386,TKT_00000105,2021-08-08,Sales Inquiry,Medium,Closed,3.188953890637981,5,In Store,AGT_021
CUST_000159,TKT_00000106,2024-02-19,Technical Support,High,Closed,60.114029439860644,5,Chat,AGT_049
CUST_000773,TKT_00000107,2023-11-11,Service Change,Low,Closed,5.182037471670902,2,App,AGT_007
CUST_000773,TKT_00000108,2021-09-10,Billing,Low,Closed,5.228357216729656,2,In Store,AGT_006
CUST_000197,TKT_00000109,2023-06-25,Complaint,Low,Closed,13.585283484766599,1,Phone,AGT_021
CUST_000459,TKT_00000110,2022-08-19,Complaint,High,In Progress,20.67268802668478,4,App,AGT_035
CUST_000798,TKT_00000111,2023-06-28,Complaint,Medium,Closed,4.715202525797501,5,Email,AGT_009
CUST_000798,TKT_00000112,2025-07-04,Billing,Low,Closed,19.423904476055082,2,Phone,AGT_024
CUST_000121,TKT_00000113,2024-05-07,Billing,Low,Closed,13.168669784148777,4,Email,AGT_042
CUST_000121,TKT_00000114,2022-02-14,Billing,Medium,Open,11.076464622781081,3,App,AGT_003
CUST_000121,TKT_00000115,2022-09-11,Service Change,Critical,Closed,4.949286783884665,2,Phone,AGT_039
CUST_000121,TKT_00000116,2022-11-05,Complaint,Low,Closed,38.47471516728129,4,Phone,AGT_019
CUST_000755,TKT_00000117,2024-12-20,Sales Inquiry,Medium,Closed,0.805854542711737,4,Phone,AGT_029
CUST_000052,TKT_00000118,2024-06-21,Complaint,Medium,Open,20.85201945264944,4,In Store,AGT_015
CUST_000610,TKT_00000119,2021-03-27,Billing,Medium,Closed,16.50107920686234,3,Phone,AGT_028
CUST_000610,TKT_00000120,2022-08-28,Complaint,Low,Closed,45.68223649793648,3,App,AGT_047
CUST_000610,TKT_00000121,2025-05-11,Service Change,Low,Closed,6.683821337616393,4,Chat,AGT_020
CUST_000610,TKT_00000122,2025-07-03,Technical Support,Medium,Closed,11.473647836628942,3,Email,AGT_035
CUST_000711,TKT_00000123,2025-03-18,Sales Inquiry,Medium,Closed,2.74331290595056,4,App,AGT_013
CUST_000432,TKT_00000124,2025-02-08,Sales Inquiry,Medium,Closed,0.825536725766955,5,App,AGT_044
CUST_000432,TKT_00000125,2024-07-31,Technical Support,Low,Closed,31.797169806932587,4,Email,AGT_038
CUST_000136,TKT_00000126,2022-05-12,Complaint,Medium,Closed,15.936258151187177,4,App,AGT_038
CUST_000462,TKT_00000127,2025-07-28,Service Change,High,Closed,4.820748582795123,3,Chat,AGT_011
CUST_000462,TKT_00000128,2025-06-23,Complaint,Low,Closed,9.01339652781299,2,Phone,AGT_014
CUST_000462,TKT_00000129,2025-06-18,Sales Inquiry,Medium,Open,1.9434246851815962,3,Chat,AGT_039
CUST_000898,TKT_00000130,2023-12-18,Sales Inquiry,Critical,Closed,3.8041686036364344,3,Email,AGT_029
CUST_000604,TKT_00000131,2025-01-22,Technical Support,Low,Closed,2.3695304218672324,3,Chat,AGT_033
CUST_000457,TKT_00000132,2024-03-23,Technical Support,Low,Open,40.899326168659975,1,Email,AGT_017
CUST_000457,TKT_00000133,2025-04-15,Service Change,Critical,Closed,6.666377501622377,4,Email,AGT_019
CUST_000457,TKT_00000134,2025-01-16,Sales Inquiry,Critical,Closed,2.6432105918927724,5,Email,AGT_021
CUST_000913,TKT_00000135,2025-07-30,Service Change,Medium,Closed,2.69779155597288,2,In Store,AGT_030
CUST_000034,TKT_00000136,2025-04-07,Technical Support,High,Open,8.665380120036263,5,In Store,AGT_046
CUST_000034,TKT_00000137,2024-04-14,Service Change,Medium,Closed,7.484113787879142,3,Phone,AGT_031
CUST_000034,TKT_00000138,2023-08-26,Billing,High,Closed,11.03056199652666,4,App,AGT_001
CUST_000374,TKT_00000139,2022-03-18,Sales Inquiry,Medium,Closed,2.0128699635966045,3,Email,AGT_026
CUST_000374,TKT_00000140,2024-05-01,Technical Support,High,Closed,49.059799746925805,4,Phone,AGT_043
CUST_000374,TKT_00000141,2022-03-16,Billing,High,In Progress,14.733610808729864,5,Phone,AGT_027
CUST_000374,TKT_00000142,2023-12-04,Billing,Low,Closed,3.929286318597672,4,Email,AGT_032
CUST_000391,TKT_00000143,2024-05-18,Billing,High,Closed,10.60320663063314,5,Phone,AGT_044
CUST_000391,TKT_00000144,2023-05-21,Complaint,Low,Closed,24.23388407064092,4,Chat,AGT_001
CUST_000391,TKT_00000145,2024-09-19,Technical Support,High,Closed,40.938196392347116,2,App,AGT_040
CUST_000989,TKT_00000146,2023-05-23,Complaint,High,Closed,27.905064266318856,5,App,AGT_039
CUST_000989,TKT_00000147,2025-07-15,Technical Support,High,Closed,54.73296010620328,5,App,AGT_030
CUST_000172,TKT_00000148,2021-08-03,Technical Support,Low,Closed,56.72706718441008,2,In Store,AGT_031
CUST_000939,TKT_00000149,2022-12-22,Service Change,Medium,Open,1.8928311205639434,3,App,AGT_015
CUST_000939,TKT_00000150,2024-08-03,Complaint,Low,Closed,38.72358263099579,5,Phone,AGT_039
CUST_000939,TKT_00000151,2024-02-01,Complaint,Medium,Closed,7.512491761421854,3,Email,AGT_048
CUST_000792,TKT_00000152,2024-09-30,Complaint,Medium,Closed,18.692086615556462,5,App,AGT_015
CUST_000792,TKT_00000153,2025-01-31,Billing,Low,Closed,2.734219709166922,5,Chat,AGT_010
CUST_000257,TKT_00000154,2021-12-30,Sales Inquiry,Medium,Closed,1.179786880975245,4,App,AGT_035
CUST_000835,TKT_00000155,2025-05-23,Service Change,High,Closed,1.077837499138711,4,Chat,AGT_025
CUST_000835,TKT_00000156,2025-05-29,Service Change,Low,Closed,1.038108408851564,4,Phone,AGT_035
CUST_000835,TKT_00000157,2025-05-21,Billing,Medium,Closed,17.053101247570645,3,Phone,AGT_039
CUST_000389,TKT_00000158,2024-12-14,Complaint,Medium,Closed,42.48089786758447,3,App,AGT_012
CUST_000389,TKT_00000159,2023-01-11,Complaint,Low,Closed,23.011432887392196,3,Email,AGT_035
CUST_000389,TKT_00000160,2022-04-07,Complaint,Critical,Closed,37.595369435967086,5,Phone,AGT_005
CUST_000446,TKT_00000161,2023-09-21,Billing,Low,Closed,12.08827629934819,2,Email,AGT_003
CUST_000692,TKT_00000162,2023-09-20,Sales Inquiry,Low,Closed,3.5680163619351166,3,In Store,AGT_028
CUST_000692,TKT_00000163,2022-03-01,Service Change,Low,Open,6.933398813948934,2,Chat,AGT_045
CUST_000692,TKT_00000164,2024-10-30,Service Change,Medium,Closed,2.2798349804388636,3,Phone,AGT_032
CUST_000692,TKT_00000165,2023-11-06,Service Change,High,Closed,6.928106716591241,3,App,AGT_036
CUST_000526,TKT_00000166,2025-05-28,Sales Inquiry,High,Closed,3.4564444584965046,3,Email,AGT_017
CUST_000526,TKT_00000167,2025-06-02,Technical Support,High,Open,53.89807661803061,4,Phone,AGT_017
CUST_000526,TKT_00000168,2025-03-05,Complaint,High,Closed,13.364736380365098,1,Phone,AGT_003
CUST_000286,TKT_00000169,2023-09-30,Service Change,Low,Closed,5.272601195331134,5,Phone,AGT_002
CUST_000286,TKT_00000170,2023-07-03,Service Change,Medium,In Progress,5.583313782043246,5,App,AGT_013
CUST_000753,TKT_00000171,2023-07-20,Billing,Low,Closed,2.581998649606006,4,Email,AGT_022
CUST_000199,TKT_00000172,2024-02-15,Technical Support,High,Closed,21.342581350726675,4,Chat,AGT_045
CUST_000199,TKT_00000173,2024-10-15,Complaint,Medium,Closed,45.83253682051451,3,Email,AGT_014
CUST_000760,TKT_00000174,2025-02-22,Complaint,Medium,Closed,28.422670366963253,2,Email,AGT_048
CUST_000492,TKT_00000175,2022-07-25,Complaint,Low,Closed,19.085071729612462,5,Phone,AGT_020
CUST_000492,TKT_00000176,2023-08-20,Complaint,Low,Closed,26.6008809847231,1,App,AGT_007
CUST_000869,TKT_00000177,2024-03-16,Sales Inquiry,High,Closed,3.670438888434147,4,Phone,AGT_047
CUST_000869,TKT_00000178,2023-10-23,Complaint,Medium,Closed,40.98268497759366,5,Phone,AGT_050
CUST_000869,TKT_00000179,2022-07-28,Sales Inquiry,Medium,Open,3.188553859487205,4,In Store,AGT_042
CUST_000110,TKT_00000180,2024-05-26,Service Change,Medium,Closed,1.1023730985271378,4,Email,AGT_010
CUST_000192,TKT_00000181,2025-07-26,Technical Support,Medium,In Progress,45.42925364825771,4,In Store,AGT_004
CUST_000192,TKT_00000182,2025-07-27,Service Change,High,Closed,3.826625929081862,3,App,AGT_025
CUST_000307,TKT_00000183,2025-07-02,Billing,Critical,Closed,11.031807470697798,1,App,AGT_049
CUST_000307,TKT_00000184,2024-03-22,Billing,Low,Closed,4.1967558774035965,4,Phone,AGT_044
CUST_000779,TKT_00000185,2025-03-25,Sales Inquiry,Low,Closed,1.1117272682179065,5,Phone,AGT_021
CUST_000779,TKT_00000186,2025-03-18,Billing,Medium,Closed,3.2199671295525034,5,Phone,AGT_035
CUST_000093,TKT_00000187,2023-03-10,Technical Support,Low,Closed,30.847989192776303,5,Chat,AGT_034
CUST_000986,TKT_00000188,2023-04-12,Technical Support,High,Open,38.53864375749636,5,Chat,AGT_019
CUST_000659,TKT_00000189,2025-04-19,Technical Support,High,Closed,4.306990698822908,5,Email,AGT_048
CUST_000994,TKT_00000190,2021-09-28,Service Change,Medium,Closed,2.7725953365266376,5,Chat,AGT_008
CUST_000416,TKT_00000191,2024-09-28,Technical Support,Low,In Progress,50.9735936534197,4,Email,AGT_007
CUST_000416,TKT_00000192,2024-12-01,Billing,Low,Closed,20.23135007966928,5,Chat,AGT_005
CUST_000139,TKT_00000193,2024-10-23,Billing,Critical,Closed,8.940546266204077,2,Phone,AGT_042
CUST_000139,TKT_00000194,2025-03-16,Service Change,High,Closed,0.6660983118780859,1,In Store,AGT_031
CUST_000139,TKT_00000195,2023-05-28,Sales Inquiry,Low,Closed,0.6354410579844023,3,Email,AGT_035
CUST_000866,TKT_00000196,2024-02-08,Technical Support,High,Closed,15.49183258696776,5,In Store,AGT_023
CUST_000475,TKT_00000197,2024-02-01,Service Change,High,Closed,2.505078443050077,4,In Store,AGT_027
CUST_000475,TKT_00000198,2024-10-08,Billing,Medium,Closed,20.353901711920702,3,Phone,AGT_016
CUST_000559,TKT_00000199,2023-10-23,Complaint,High,Closed,43.967796982501945,5,In Store,AGT_042
CUST_000573,TKT_00000200,2025-06-26,Technical Support,Medium,Closed,55.91769057839697,1,Phone,AGT_016
CUST_000573,TKT_00000201,2025-03-01,Billing,Low,Closed,20.84228610335846,4,Email,AGT_033
CUST_000573,TKT_00000202,2025-06-06,Complaint,Low,Closed,24.1524100164288,4,Email,AGT_034
CUST_000976,TKT_00000203,2024-09-27,Complaint,Medium,Closed,10.990382085314437,4,Chat,AGT_010
CUST_000976,TKT_00000204,2024-01-26,Technical Support,Critical,In Progress,62.331377822291905,1,In Store,AGT_031
CUST_000322,TKT_00000205,2025-04-06,Billing,Low,Open,16.86634985679406,5,Phone,AGT_026
CUST_000081,TKT_00000206,2025-03-22,Service Change,Medium,In Progress,7.235548564228699,1,Email,AGT_044
CUST_000366,TKT_00000207,2023-05-06,Sales Inquiry,Medium,Closed,2.3789425387160144,2,Chat,AGT_009
CUST_000912,TKT_00000208,2024-10-23,Sales Inquiry,Low,Closed,3.673345724865732,4,Email,AGT_016
CUST_000911,TKT_00000209,2025-05-30,Technical Support,High,Closed,57.40459216679766,4,App,AGT_005
CUST_000911,TKT_00000210,2025-01-05,Sales Inquiry,Medium,Closed,1.4801011007322995,3,Phone,AGT_013
CUST_000723,TKT_00000211,2024-08-28,Billing,Low,Closed,14.966916985259164,3,App,AGT_016
CUST_000068,TKT_00000212,2024-12-14,Technical Support,High,Closed,50.83894214503449,2,Email,AGT_008
CUST_000068,TKT_00000213,2024-04-30,Billing,High,Closed,7.6904341084317185,5,App,AGT_016
CUST_000068,TKT_00000214,2025-04-03,Billing,Low,Closed,13.948720731142346,4,Chat,AGT_046
CUST_000477,TKT_00000215,2022-11-13,Sales Inquiry,Medium,Closed,2.593637960183989,3,Email,AGT_004
CUST_000477,TKT_00000216,2024-10-10,Technical Support,High,Closed,30.047995215970477,5,Chat,AGT_005
CUST_000209,TKT_00000217,2022-12-30,Complaint,High,Closed,43.18596842289212,4,App,AGT_002
CUST_000326,TKT_00000218,2025-06-15,Service Change,Low,Closed,2.389444912395337,5,Phone,AGT_014
CUST_000108,TKT_00000219,2025-06-14,Complaint,Low,Closed,36.15350014079273,4,Chat,AGT_007
CUST_000674,TKT_00000220,2024-01-28,Technical Support,Critical,Closed,37.912359473495115,1,In Store,AGT_023
CUST_000674,TKT_00000221,2024-02-12,Sales Inquiry,Medium,Closed,2.026487238182125,3,Phone,AGT_006
CUST_000674,TKT_00000222,2025-05-18,Complaint,Medium,Closed,37.626895539042025,5,Chat,AGT_042
CUST_000674,TKT_00000223,2023-09-25,Service Change,Low,Open,2.571294255187981,3,App,AGT_025
CUST_000974,TKT_00000224,2024-01-10,Billing,Critical,Closed,21.948530682996033,3,Email,AGT_030
CUST_000974,TKT_00000225,2025-01-24,Billing,Low,Closed,16.211790663502207,2,Email,AGT_002
CUST_000974,TKT_00000226,2023-10-29,Sales Inquiry,High,Closed,2.383026003691461,5,Chat,AGT_010
CUST_000974,TKT_00000227,2023-03-19,Sales Inquiry,Medium,Open,0.742441900675558,2,Email,AGT_008
CUST_000096,TKT_00000228,2024-05-06,Technical Support,High,Closed,27.494400408952927,4,Chat,AGT_007
CUST_000999,TKT_00000229,2023-04-17,Billing,Medium,Closed,14.487196766756547,3,Chat,AGT_014
CUST_000926,TKT_00000230,2024-02-29,Complaint,Medium,Closed,41.350357984125345,3,Chat,AGT_036
CUST_000926,TKT_00000231,2024-03-09,Billing,Low,Closed,1.6809203593704192,3,App,AGT_046
CUST_000926,TKT_00000232,2025-05-27,Sales Inquiry,Medium,Closed,3.6271392326850247,5,Email,AGT_047
CUST_000926,TKT_00000233,2025-02-26,Billing,Low,Closed,1.3528534582164,4,Phone,AGT_026
CUST_000926,TKT_00000234,2024-11-03,Sales Inquiry,Critical,Closed,2.5399980468482988,3,Email,AGT_038
CUST_000530,TKT_00000235,2023-01-26,Complaint,High,Open,5.513359367872399,4,Phone,AGT_017
CUST_000872,TKT_00000236,2024-01-16,Sales Inquiry,Medium,In Progress,3.266627050037862,5,App,AGT_036
CUST_000685,TKT_00000237,2024-01-26,Complaint,Low,Closed,12.989760172920885,4,App,AGT_031
CUST_000685,TKT_00000238,2025-05-03,Technical Support,Medium,Closed,6.5093866825177855,3,Chat,AGT_035
CUST_000940,TKT_00000239,2025-03-10,Service Change,Low,Closed,6.166697443688303,5,In Store,AGT_018
CUST_000570,TKT_00000240,2025-02-11,Service Change,Medium,Closed,5.806541673439662,4,App,AGT_038
CUST_000570,TKT_00000241,2025-04-22,Complaint,High,Closed,9.276640242481898,4,Phone,AGT_018
CUST_000357,TKT_00000242,2024-11-02,Service Change,Low,Closed,1.0965216578881047,3,App,AGT_006
CUST_000357,TKT_00000243,2024-10-26,Billing,High,Closed,11.66172407664048,4,In Store,AGT_013
CUST_000390,TKT_00000244,2025-07-30,Sales Inquiry,Low,Closed,1.5194981692370542,5,Email,AGT_034
CUST_000390,TKT_00000245,2025-07-11,Technical Support,High,Closed,28.996145425189106,4,Email,AGT_047
CUST_000390,TKT_00000246,2025-06-14,Service Change,Low,Closed,4.8882250541523256,4,Chat,AGT_014
CUST_000390,TKT_00000247,2025-06-09,Technical Support,Low,Open,66.02426221128086,2,App,AGT_048
CUST_000074,TKT_00000248,2025-07-12,Complaint,Medium,Open,35.9713852646309,5,Email,AGT_017
CUST_000525,TKT_00000249,2024-03-03,Service Change,Low,Open,5.25711291027503,3,Email,AGT_026
CUST_000525,TKT_00000250,2024-01-29,Sales Inquiry,Low,Closed,2.9652030938261036,4,App,AGT_022
CUST_000031,TKT_00000251,2022-01-14,Billing,Low,Closed,3.7841463992268243,4,Chat,AGT_036
CUST_000550,TKT_00000252,2024-05-03,Sales Inquiry,Medium,Closed,2.4280717264692937,5,Email,AGT_027
CUST_000140,TKT_00000253,2023-06-23,Technical Support,Low,Closed,7.296884388082662,5,Phone,AGT_031
CUST_000140,TKT_00000254,2023-05-06,Complaint,Low,Closed,25.564127150583804,4,App,AGT_030
CUST_000280,TKT_00000255,2022-09-18,Service Change,Medium,Closed,4.355977439465294,1,App,AGT_048
CUST_000097,TKT_00000256,2025-05-20,Billing,Low,Closed,17.383255558867187,4,Email,AGT_039
CUST_000856,TKT_00000257,2025-07-29,Service Change,Medium,Closed,6.318305226940773,4,Phone,AGT_002
CUST_000372,TKT_00000258,2025-03-20,Technical Support,High,Closed,66.4666511053913,4,In Store,AGT_035
CUST_000372,TKT_00000259,2024-03-28,Sales Inquiry,Medium,Closed,1.4854461671827963,5,Email,AGT_035
CUST_000675,TKT_00000260,2023-10-26,Service Change,High,Closed,4.150701745361646,3,In Store,AGT_015
CUST_000675,TKT_00000261,2023-02-12,Billing,Low,Closed,6.8850858347669055,5,In Store,AGT_018
CUST_000571,TKT_00000262,2024-11-20,Complaint,Medium,In Progress,27.178882547631574,5,Phone,AGT_008
CUST_000571,TKT_00000263,2025-04-04,Technical Support,Medium,Closed,27.03042961159687,5,Email,AGT_008
CUST_000352,TKT_00000264,2025-02-28,Billing,Medium,Closed,11.38221122737438,2,App,AGT_029
CUST_000352,TKT_00000265,2024-06-17,Service Change,Low,Closed,1.8826105455403526,3,Email,AGT_036
CUST_000352,TKT_00000266,2025-06-09,Technical Support,High,Closed,37.72465122580329,4,Chat,AGT_019
CUST_000152,TKT_00000267,2020-08-15,Billing,High,Closed,10.563419455056154,5,App,AGT_040
CUST_000520,TKT_00000268,2024-10-05,Service Change,Low,Closed,4.686223661713497,5,In Store,AGT_037
CUST_000520,TKT_00000269,2025-06-11,Service Change,High,In Progress,4.949996729210634,3,App,AGT_021
CUST_000783,TKT_00000270,2025-04-06,Billing,Medium,Closed,20.744434849058237,4,In Store,AGT_007
CUST_000783,TKT_00000271,2025-02-25,Sales Inquiry,Medium,Closed,0.8514113501071314,4,Email,AGT_050
CUST_000783,TKT_00000272,2024-11-27,Service Change,Medium,In Progress,3.4953349199697934,4,In Store,AGT_008
CUST_000544,TKT_00000273,2025-04-17,Complaint,High,Closed,10.777181611612267,5,In Store,AGT_005
CUST_000544,TKT_00000274,2024-12-09,Technical Support,Medium,Closed,71.8722300632024,2,In Store,AGT_024
CUST_000733,TKT_00000275,2025-01-30,Technical Support,Medium,Closed,37.86721155500739,5,Email,AGT_029
CUST_000317,TKT_00000276,2025-05-28,Sales Inquiry,Low,In Progress,0.9195797355583846,2,In Store,AGT_050
CUST_000182,TKT_00000277,2023-09-29,Sales Inquiry,Medium,Closed,1.278390341326547,4,Chat,AGT_035
CUST_000182,TKT_00000278,2024-12-24,Technical Support,Low,Closed,57.29249192999504,5,App,AGT_009
CUST_000072,TKT_00000279,2025-04-12,Service Change,Low,Closed,3.294984968360519,3,In Store,AGT_028
CUST_000291,TKT_00000280,2025-04-14,Billing,Low,Closed,11.553271751309984,5,App,AGT_030
CUST_000672,TKT_00000281,2024-01-01,Complaint,High,Closed,30.179226036672993,3,App,AGT_010
CUST_000260,TKT_00000282,2023-07-21,Service Change,Medium,In Progress,2.2602376920400076,4,App,AGT_041
CUST_000260,TKT_00000283,2024-07-13,Billing,Low,Closed,21.599997083179378,2,In Store,AGT_020
CUST_000841,TKT_00000284,2022-04-27,Technical Support,Low,Closed,65.77290288078797,5,Phone,AGT_002
CUST_000841,TKT_00000285,2024-10-29,Service Change,High,Closed,1.4938143950323328,3,App,AGT_041
CUST_000003,TKT_00000286,2023-07-21,Sales Inquiry,Low,Closed,1.2053524012885821,1,Chat,AGT_021
CUST_000003,TKT_00000287,2025-03-19,Billing,Medium,Closed,4.254981954417067,4,In Store,AGT_001
CUST_000003,TKT_00000288,2020-11-08,Service Change,High,In Progress,2.8593661308138594,3,Phone,AGT_004
CUST_000003,TKT_00000289,2025-02-27,Sales Inquiry,Low,In Progress,2.701070727089325,2,Phone,AGT_024
CUST_000478,TKT_00000290,2023-03-13,Service Change,Low,Closed,1.4132853073167155,3,Chat,AGT_040
CUST_000478,TKT_00000291,2022-05-27,Complaint,Low,Closed,7.792614149391078,4,In Store,AGT_002
CUST_000478,TKT_00000292,2025-05-28,Billing,Low,Closed,2.575787624235912,5,Email,AGT_042
CUST_000478,TKT_00000293,2022-12-22,Service Change,Low,Closed,1.8039026484215643,3,Phone,AGT_038
CUST_000585,TKT_00000294,2023-06-22,Sales Inquiry,Medium,Closed,1.2573221764297229,5,App,AGT_027
CUST_000585,TKT_00000295,2021-03-02,Billing,Low,Open,22.19155529634128,5,App,AGT_048
CUST_000585,TKT_00000296,2022-04-02,Sales Inquiry,Low,Closed,0.5471279122809769,5,Phone,AGT_037
CUST_000585,TKT_00000297,2023-02-22,Technical Support,Medium,Closed,9.045028533351582,3,Phone,AGT_046
CUST_000645,TKT_00000298,2023-04-25,Service Change,Low,Closed,2.232848612273679,2,Email,AGT_047
CUST_000645,TKT_00000299,2024-07-04,Service Change,Medium,Closed,7.117747291019702,4,Phone,AGT_034
CUST_000970,TKT_00000300,2024-11-24,Billing,Low,Open,12.854885933654073,4,App,AGT_013
CUST_000970,TKT_00000301,2025-07-20,Technical Support,High,Closed,11.74394941492897,4,App,AGT_040
CUST_000970,TKT_00000302,2021-02-02,Service Change,Low,Closed,5.507321644910898,4,Phone,AGT_005
CUST_000954,TKT_00000303,2022-07-13,Sales Inquiry,High,Closed,2.346280848705698,4,Email,AGT_049
CUST_000954,TKT_00000304,2021-06-08,Service Change,Medium,Closed,3.380523196475566,5,In Store,AGT_042
CUST_000308,TKT_00000305,2025-03-25,Service Change,Low,In Progress,5.398579438513771,5,Email,AGT_028
CUST_000671,TKT_00000306,2024-10-04,Billing,Low,Closed,22.858846662854265,5,App,AGT_015
CUST_000314,TKT_00000307,2025-04-20,Complaint,Medium,Open,41.85286592153639,5,App,AGT_050
CUST_000314,TKT_00000308,2024-07-10,Service Change,Low,Closed,2.0770678898902206,4,App,AGT_030
CUST_000702,TKT_00000309,2025-02-25,Service Change,High,Closed,4.244909493626661,4,App,AGT_049
CUST_000702,TKT_00000310,2024-11-29,Complaint,Low,In Progress,38.31235055830272,5,Phone,AGT_037
CUST_000625,TKT_00000311,2025-07-18,Billing,Low,Closed,16.595402211825682,2,App,AGT_030
CUST_000346,TKT_00000312,2025-03-17,Billing,High,Closed,9.01307069271334,3,In Store,AGT_047
CUST_000346,TKT_00000313,2025-04-20,Billing,High,Closed,7.142152580620951,5,App,AGT_032
CUST_000346,TKT_00000314,2024-04-10,Technical Support,Medium,Closed,71.31292138227153,3,Chat,AGT_028
CUST_000346,TKT_00000315,2022-04-13,Complaint,Medium,Closed,11.05914429975576,4,Phone,AGT_026
CUST_000840,TKT_00000316,2025-05-26,Billing,Low,In Progress,4.652239909459578,1,In Store,AGT_007
CUST_000244,TKT_00000317,2024-12-22,Sales Inquiry,Low,Closed,1.9209961545495382,2,Phone,AGT_046
CUST_000004,TKT_00000318,2025-01-02,Complaint,High,Closed,14.867417609600786,4,In Store,AGT_025
CUST_000004,TKT_00000319,2024-06-01,Service Change,Critical,Closed,5.3177729456012415,4,App,AGT_009
CUST_000004,TKT_00000320,2025-06-02,Technical Support,Medium,Closed,15.505524332355645,2,App,AGT_020
CUST_000315,TKT_00000321,2025-01-08,Technical Support,Medium,Closed,17.23468122039429,4,Chat,AGT_031
CUST_000315,TKT_00000322,2024-10-03,Complaint,Low,Closed,9.36691798968543,5,Email,AGT_025
CUST_000028,TKT_00000323,2025-07-14,Billing,Low,In Progress,7.042700440209187,5,In Store,AGT_011
CUST_000345,TKT_00000324,2024-02-21,Sales Inquiry,Low,Closed,2.8287521145379264,4,App,AGT_039
CUST_000248,TKT_00000325,2024-11-14,Service Change,Medium,Closed,5.652413559278279,5,Phone,AGT_050
CUST_000248,TKT_00000326,2024-10-21,Service Change,Low,Closed,6.627097841700776,2,In Store,AGT_024
CUST_000248,TKT_00000327,2024-04-09,Sales Inquiry,High,Closed,3.0225134760538754,4,Email,AGT_016
CUST_000248,TKT_00000328,2024-08-27,Technical Support,Medium,Closed,35.408903315279474,4,In Store,AGT_037
CUST_000101,TKT_00000329,2025-03-24,Complaint,Medium,Closed,35.20533432054578,5,Chat,AGT_004
CUST_000101,TKT_00000330,2024-12-11,Sales Inquiry,Low,Closed,3.1463816604187946,5,App,AGT_023
CUST_000211,TKT_00000331,2024-02-28,Billing,Low,Closed,17.334747339520007,3,App,AGT_027
CUST_000251,TKT_00000332,2022-03-04,Service Change,Low,Closed,6.937725707600186,4,Chat,AGT_039
CUST_000251,TKT_00000333,2023-06-19,Sales Inquiry,Low,Closed,1.593234323213814,3,Chat,AGT_021
CUST_000268,TKT_00000334,2022-02-18,Billing,Critical,Closed,17.30374959161745,5,App,AGT_018
CUST_000268,TKT_00000335,2023-01-20,Service Change,Low,Closed,3.733508438030745,3,Chat,AGT_045
CUST_000268,TKT_00000336,2022-09-23,Service Change,Low,Closed,5.671273752490876,4,Chat,AGT_040
CUST_000268,TKT_00000337,2023-07-01,Technical Support,High,Open,17.307255558589368,5,In Store,AGT_008
CUST_000061,TKT_00000338,2023-06-10,Complaint,Low,Closed,32.399593032988726,5,Phone,AGT_030
CUST_000061,TKT_00000339,2022-11-06,Technical Support,High,Closed,61.13811166562461,4,In Store,AGT_005
CUST_000061,TKT_00000340,2024-05-23,Complaint,Low,Closed,17.771033868317915,2,Phone,AGT_008
CUST_000255,TKT_00000341,2023-01-10,Complaint,Low,Closed,10.799089491684647,5,App,AGT_023
CUST_000553,TKT_00000342,2024-11-15,Technical Support,Low,Closed,3.073969115477882,3,Email,AGT_014
CUST_000553,TKT_00000343,2024-03-11,Sales Inquiry,High,Closed,0.5238084564620802,5,Phone,AGT_049
CUST_000553,TKT_00000344,2024-11-26,Service Change,Low,In Progress,2.2159717185186167,4,App,AGT_043
CUST_000919,TKT_00000345,2024-11-30,Service Change,Low,Closed,7.323317499705043,4,App,AGT_013
CUST_000919,TKT_00000346,2024-11-08,Billing,Low,Closed,18.738952450138623,3,Chat,AGT_017
CUST_000119,TKT_00000347,2024-01-01,Service Change,High,Closed,4.942993699249066,2,Email,AGT_026
CUST_000119,TKT_00000348,2023-10-24,Sales Inquiry,Low,Closed,3.674401627573435,5,In Store,AGT_004
CUST_000119,TKT_00000349,2023-06-14,Service Change,Critical,Closed,6.169212969179796,4,Phone,AGT_010
CUST_000119,TKT_00000350,2024-06-06,Complaint,Low,Closed,32.481655975264104,4,App,AGT_018
CUST_000529,TKT_00000351,2024-01-27,Technical Support,High,Closed,22.166483178672003,1,Email,AGT_027
CUST_000529,TKT_00000352,2024-01-27,Complaint,High,Closed,22.521985818638942,4,Chat,AGT_005
CUST_000638,TKT_00000353,2025-04-02,Complaint,Low,Closed,24.530381101625874,2,In Store,AGT_012
CUST_000638,TKT_00000354,2024-06-21,Technical Support,Medium,Closed,34.13325499226776,4,Chat,AGT_035
CUST_000638,TKT_00000355,2024-11-17,Billing,Low,In Progress,4.712991164959101,3,App,AGT_003
CUST_000089,TKT_00000356,2025-03-28,Service Change,High,Closed,7.756653232192182,4,App,AGT_025
CUST_000449,TKT_00000357,2025-02-08,Complaint,Low,Closed,29.676654032675543,5,Email,AGT_038
CUST_000449,TKT_00000358,2025-02-04,Sales Inquiry,High,In Progress,3.54096504058158,2,Phone,AGT_008
CUST_000449,TKT_00000359,2025-03-29,Technical Support,Medium,Closed,40.30234465716977,4,App,AGT_037
CUST_000279,TKT_00000360,2025-06-06,Sales Inquiry,High,Closed,3.8556022334907607,5,Email,AGT_011
CUST_000279,TKT_00000361,2024-05-09,Complaint,Low,Closed,8.720718388928475,3,App,AGT_045
CUST_000279,TKT_00000362,2024-08-24,Sales Inquiry,Medium,Closed,3.6977279334693396,4,Email,AGT_004
CUST_000113,TKT_00000363,2025-05-17,Complaint,Low,Closed,14.840650249399602,3,App,AGT_047
CUST_000145,TKT_00000364,2024-11-30,Service Change,Low,Closed,3.473759500562478,2,App,AGT_021
CUST_000936,TKT_00000365,2024-05-23,Complaint,Low,Closed,12.375550937953832,5,Email,AGT_009
CUST_000067,TKT_00000366,2023-12-11,Sales Inquiry,Low,Closed,3.593360460406819,5,Chat,AGT_008
CUST_000067,TKT_00000367,2023-05-16,Sales Inquiry,Medium,Open,1.4633232728646495,1,App,AGT_047
CUST_000230,TKT_00000368,2025-04-15,Technical Support,Medium,Closed,41.34531381904742,5,App,AGT_035
CUST_000513,TKT_00000369,2024-11-01,Complaint,Low,Closed,17.693532385637795,3,In Store,AGT_007
CUST_000222,TKT_00000370,2025-06-08,Service Change,Low,Closed,4.345281426285842,1,Chat,AGT_012
CUST_000222,TKT_00000371,2025-03-14,Technical Support,Medium,Closed,6.832267947001147,4,Phone,AGT_006
CUST_000222,TKT_00000372,2023-02-02,Service Change,Low,Closed,6.580010296131551,4,Email,AGT_021
CUST_000745,TKT_00000373,2024-11-05,Sales Inquiry,Low,Closed,3.415998819829449,5,Email,AGT_007
CUST_000084,TKT_00000374,2024-11-13,Service Change,High,Closed,0.821280344857568,3,App,AGT_044
CUST_000084,TKT_00000375,2025-01-11,Technical Support,High,Closed,36.955721918060696,5,In Store,AGT_020
CUST_000815,TKT_00000376,2025-07-23,Complaint,High,Closed,42.72026109074736,2,Phone,AGT_016
CUST_000276,TKT_00000377,2024-12-14,Sales Inquiry,Low,In Progress,1.8684736532997348,4,Phone,AGT_034
CUST_000276,TKT_00000378,2024-08-26,Sales Inquiry,Low,Closed,3.6213271911523637,2,In Store,AGT_047
CUST_000276,TKT_00000379,2025-05-23,Billing,Critical,Closed,9.159297431237352,2,Chat,AGT_050
CUST_000132,TKT_00000380,2025-02-20,Complaint,Medium,In Progress,26.04478434345215,5,In Store,AGT_042
CUST_000132,TKT_00000381,2025-02-09,Service Change,Medium,Closed,4.185916174705577,4,Chat,AGT_040
CUST_000132,TKT_00000382,2024-08-18,Complaint,Medium,Closed,41.95402408182633,4,Email,AGT_025
CUST_000847,TKT_00000383,2024-05-19,Service Change,Low,Closed,7.598336501187403,4,Chat,AGT_024
CUST_000847,TKT_00000384,2024-01-23,Sales Inquiry,Low,Closed,3.8980686843701093,4,Email,AGT_026
CUST_000847,TKT_00000385,2022-07-19,Billing,Low,Closed,14.266436394068743,5,App,AGT_023
CUST_000847,TKT_00000386,2023-06-21,Billing,Low,Closed,1.7659485269001234,1,In Store,AGT_021
CUST_000847,TKT_00000387,2022-06-29,Complaint,High,Closed,25.960059077231037,4,Phone,AGT_042
CUST_000394,TKT_00000388,2022-07-30,Service Change,Low,Closed,3.5079769950797237,5,App,AGT_042
CUST_000809,TKT_00000389,2022-03-17,Sales Inquiry,Low,Closed,3.581088547647778,4,Email,AGT_016
CUST_000207,TKT_00000390,2024-08-05,Complaint,Low,Closed,20.772131150348542,3,Email,AGT_018
CUST_000207,TKT_00000391,2024-09-21,Billing,Medium,In Progress,23.019426969452226,4,Phone,AGT_014
CUST_000207,TKT_00000392,2024-07-21,Service Change,High,Closed,3.3690102139661815,4,App,AGT_045
CUST_000998,TKT_00000393,2025-07-25,Sales Inquiry,Low,Closed,3.71252990944738,2,App,AGT_040
CUST_000998,TKT_00000394,2025-07-11,Complaint,Low,Closed,39.9119836418715,3,In Store,AGT_014
CUST_000323,TKT_00000395,2024-04-19,Technical Support,Medium,Open,33.58726759808614,4,Email,AGT_050
CUST_000323,TKT_00000396,2025-04-05,Billing,Low,Closed,12.831240595498032,2,Phone,AGT_015
CUST_000323,TKT_00000397,2025-06-10,Technical Support,Medium,Closed,22.250872825265287,2,Phone,AGT_010
CUST_000649,TKT_00000398,2025-06-24,Billing,High,Open,17.59951448388763,5,In Store,AGT_035
CUST_000258,TKT_00000399,2025-05-14,Complaint,Low,Closed,11.582208483492504,2,Phone,AGT_034
CUST_000959,TKT_00000400,2023-04-16,Service Change,High,Closed,3.7793758377251985,4,In Store,AGT_027
CUST_000109,TKT_00000401,2023-01-11,Sales Inquiry,Medium,Closed,3.7286628066456657,4,Email,AGT_031
CUST_000732,TKT_00000402,2024-08-25,Service Change,Low,Open,4.681042222601761,5,App,AGT_034
CUST_000732,TKT_00000403,2024-07-11,Technical Support,Medium,Open,10.53660078930474,5,Chat,AGT_028
CUST_000092,TKT_00000404,2022-07-04,Complaint,High,Closed,42.279455250796715,5,Chat,AGT_037
CUST_000092,TKT_00000405,2025-01-11,Technical Support,Low,Closed,23.05548358568896,4,Chat,AGT_004
CUST_000301,TKT_00000406,2025-05-20,Complaint,Low,Closed,7.696343753787863,4,Phone,AGT_008
CUST_000301,TKT_00000407,2024-02-07,Sales Inquiry,Low,Closed,2.7469020159082627,3,Email,AGT_033
CUST_000301,TKT_00000408,2023-12-07,Service Change,Medium,Closed,6.157902725856948,4,In Store,AGT_021
CUST_000301,TKT_00000409,2024-05-08,Billing,Medium,Closed,18.829287587699532,4,App,AGT_016
CUST_000582,TKT_00000410,2024-08-02,Complaint,Critical,Closed,7.32980482654857,3,Phone,AGT_043
CUST_000090,TKT_00000411,2024-03-23,Sales Inquiry,Medium,Closed,2.7989746848680017,2,Chat,AGT_022
CUST_000090,TKT_00000412,2024-10-18,Billing,Medium,Closed,23.79275322199898,4,In Store,AGT_032
CUST_000988,TKT_00000413,2021-11-21,Sales Inquiry,Medium,Closed,2.9680255114537335,4,In Store,AGT_044
CUST_000988,TKT_00000414,2022-08-21,Complaint,Medium,Closed,27.348316999862572,3,In Store,AGT_015
CUST_000474,TKT_00000415,2024-04-15,Complaint,Low,In Progress,28.349293851886856,1,Email,AGT_032
CUST_000569,TKT_00000416,2025-01-30,Billing,Low,Closed,21.19439919019744,5,Chat,AGT_047
CUST_000419,TKT_00000417,2021-09-05,Technical Support,Medium,Closed,18.756370055796886,2,Chat,AGT_021
CUST_000419,TKT_00000418,2025-04-07,Billing,High,In Progress,17.162296806509712,3,Phone,AGT_013
CUST_000021,TKT_00000419,2024-03-08,Complaint,Low,Closed,15.655323379298098,4,Chat,AGT_039
CUST_000021,TKT_00000420,2024-05-16,Complaint,Critical,In Progress,31.32973507820965,4,Chat,AGT_002
CUST_000579,TKT_00000421,2024-05-27,Complaint,High,Closed,5.050533475093331,4,Chat,AGT_042
CUST_000657,TKT_00000422,2022-08-24,Complaint,Low,Closed,15.56512564983949,3,Email,AGT_027
CUST_000657,TKT_00000423,2021-02-12,Billing,Low,Closed,7.871705266738159,4,App,AGT_043
CUST_000354,TKT_00000424,2021-09-20,Service Change,High,Closed,4.680967956643833,5,Phone,AGT_010
CUST_000441,TKT_00000425,2025-03-01,Billing,Critical,Closed,8.848337810467651,5,App,AGT_021
CUST_000441,TKT_00000426,2025-07-03,Complaint,Low,Closed,6.215566516110379,3,App,AGT_020
CUST_000073,TKT_00000427,2024-08-03,Billing,High,Closed,19.414120551621604,4,Chat,AGT_037
CUST_000822,TKT_00000428,2024-07-13,Sales Inquiry,Low,Closed,1.0352517258679508,5,App,AGT_013
CUST_000504,TKT_00000429,2022-10-01,Billing,Low,Open,13.097751616158769,5,In Store,AGT_026
CUST_000504,TKT_00000430,2024-02-08,Complaint,Low,Closed,5.962781581248209,5,Phone,AGT_008
CUST_000504,TKT_00000431,2022-09-14,Billing,Low,Closed,17.067713864265787,5,Chat,AGT_016
CUST_000578,TKT_00000432,2025-02-27,Sales Inquiry,High,Closed,2.936955420333656,1,In Store,AGT_004
CUST_000246,TKT_00000433,2025-04-28,Billing,Medium,Open,13.294234885575538,5,Email,AGT_011
CUST_000246,TKT_00000434,2024-04-14,Billing,Low,Closed,6.549959528387409,3,Chat,AGT_017
CUST_000246,TKT_00000435,2025-07-03,Service Change,Medium,In Progress,4.23145155601895,4,Phone,AGT_015
CUST_000955,TKT_00000436,2024-04-05,Service Change,Low,Closed,6.7321449383770355,2,Email,AGT_033
CUST_000531,TKT_00000437,2025-06-22,Service Change,Medium,Closed,5.732404311497388,2,Email,AGT_011
CUST_000531,TKT_00000438,2025-05-08,Complaint,High,In Progress,36.869487044297735,5,App,AGT_049
CUST_000415,TKT_00000439,2025-04-12,Technical Support,Medium,Open,15.273715234936368,5,Phone,AGT_037
CUST_000171,TKT_00000440,2025-05-11,Technical Support,Medium,Closed,40.628317117038804,2,In Store,AGT_004
CUST_000564,TKT_00000441,2023-06-01,Service Change,Medium,Closed,1.9936850285287706,4,Phone,AGT_015
CUST_000507,TKT_00000442,2023-02-22,Complaint,High,Closed,40.49976939281481,3,Email,AGT_016
CUST_000764,TKT_00000443,2024-04-14,Billing,Medium,Closed,9.142373249048244,3,Chat,AGT_030
CUST_000764,TKT_00000444,2024-06-08,Service Change,Low,Closed,4.849240559993856,1,App,AGT_032
CUST_000561,TKT_00000445,2025-01-08,Sales Inquiry,Low,Closed,1.779026569942645,2,App,AGT_033
CUST_000278,TKT_00000446,2022-06-17,Complaint,Medium,Open,24.787440381124533,2,Email,AGT_044
CUST_000388,TKT_00000447,2024-09-17,Service Change,Low,Open,6.560364579913131,3,App,AGT_045
CUST_000388,TKT_00000448,2025-05-25,Sales Inquiry,Medium,Closed,3.8970673339678865,4,In Store,AGT_028
CUST_000082,TKT_00000449,2023-04-05,Technical Support,Medium,Closed,2.4010838942850095,5,Chat,AGT_017
CUST_000082,TKT_00000450,2021-04-20,Technical Support,Medium,Open,30.04337200971731,2,In Store,AGT_015
CUST_000498,TKT_00000451,2025-01-19,Sales Inquiry,Low,Closed,3.64352639323615,3,Phone,AGT_012
CUST_000498,TKT_00000452,2024-10-11,Technical Support,Critical,Closed,45.83424693587161,2,App,AGT_035
CUST_000069,TKT_00000453,2024-08-13,Technical Support,Medium,Open,23.54340174853151,5,In Store,AGT_008
CUST_000163,TKT_00000454,2024-05-02,Billing,Low,Closed,10.743286002756559,3,App,AGT_020
CUST_000823,TKT_00000455,2025-03-13,Technical Support,High,Closed,36.019266768842236,5,Chat,AGT_037
CUST_000741,TKT_00000456,2022-06-26,Billing,High,Closed,7.459099641323875,5,In Store,AGT_046
CUST_000758,TKT_00000457,2025-03-20,Service Change,Low,Closed,5.0799447898165235,5,App,AGT_029
CUST_000758,TKT_00000458,2024-07-09,Service Change,Medium,Closed,4.530690900729902,4,App,AGT_044
CUST_000443,TKT_00000459,2025-04-20,Complaint,High,Closed,27.7202399438955,2,Email,AGT_016
CUST_000843,TKT_00000460,2021-11-26,Technical Support,Critical,Closed,35.41826471515751,5,App,AGT_043
CUST_000843,TKT_00000461,2020-09-03,Billing,Low,Closed,5.566950254111466,3,Chat,AGT_039
CUST_000196,TKT_00000462,2024-07-20,Service Change,High,Closed,1.122488588735498,5,Phone,AGT_013
CUST_000453,TKT_00000463,2025-06-27,Service Change,Low,Closed,4.429813536323771,4,App,AGT_038
CUST_000453,TKT_00000464,2025-03-07,Service Change,Low,Open,1.7692902263154295,4,Email,AGT_009
CUST_000453,TKT_00000465,2025-03-14,Service Change,Low,Closed,1.3440625096724776,3,In Store,AGT_018
CUST_000055,TKT_00000466,2025-06-09,Sales Inquiry,Low,Closed,2.894789341429597,5,Chat,AGT_006
CUST_000167,TKT_00000467,2025-06-09,Sales Inquiry,High,Closed,1.8745439123088086,5,Email,AGT_031
CUST_000920,TKT_00000468,2024-12-19,Service Change,High,Closed,3.196171659495779,5,Email,AGT_043
CUST_000392,TKT_00000469,2024-08-18,Service Change,High,Closed,2.111898385439831,3,Phone,AGT_035
CUST_000392,TKT_00000470,2023-12-11,Complaint,Low,Open,31.79975143011392,1,In Store,AGT_030
CUST_000392,TKT_00000471,2025-06-26,Service Change,High,Closed,6.178672626566661,5,Email,AGT_015
CUST_000392,TKT_00000472,2024-06-27,Technical Support,Medium,Closed,47.75298475008876,4,Email,AGT_038
CUST_000774,TKT_00000473,2025-07-25,Sales Inquiry,Medium,Closed,0.5127589076178883,5,In Store,AGT_024
CUST_000774,TKT_00000474,2025-06-13,Sales Inquiry,Critical,Closed,2.8323899858148383,2,Phone,AGT_006
CUST_000642,TKT_00000475,2021-04-17,Service Change,Medium,Closed,5.932223696308085,1,In Store,AGT_046
CUST_000642,TKT_00000476,2023-06-03,Service Change,Medium,Closed,6.39053097298115,5,Email,AGT_048
CUST_000694,TKT_00000477,2024-03-26,Service Change,Low,Closed,7.521278503478549,4,App,AGT_034
CUST_000694,TKT_00000478,2022-12-11,Sales Inquiry,High,Closed,3.9575612280019246,4,Email,AGT_016
CUST_000059,TKT_00000479,2024-08-05,Technical Support,Medium,In Progress,35.16034928613482,5,In Store,AGT_041
CUST_000256,TKT_00000480,2022-08-11,Service Change,Medium,Closed,7.642482503865624,4,Email,AGT_041
CUST_000006,TKT_00000481,2024-04-14,Sales Inquiry,Low,Closed,1.9762934261040206,2,In Store,AGT_031
CUST_000006,TKT_00000482,2023-04-21,Billing,Medium,Closed,1.998091881561178,3,In Store,AGT_031
CUST_000006,TKT_00000483,2023-05-13,Service Change,Medium,Closed,6.831177640869927,3,Phone,AGT_047
CUST_000781,TKT_00000484,2024-04-13,Complaint,Low,Closed,17.755185972293273,1,Email,AGT_009
CUST_000781,TKT_00000485,2025-04-14,Billing,Low,Closed,21.920675410054095,1,In Store,AGT_043
CUST_000781,TKT_00000486,2024-02-08,Technical Support,High,Closed,22.166816671872187,4,Phone,AGT_007
CUST_000943,TKT_00000487,2025-06-08,Complaint,Medium,Closed,19.38814876359822,4,Email,AGT_032
CUST_000545,TKT_00000488,2023-04-12,Complaint,Medium,Closed,28.209249545400837,4,Phone,AGT_012
CUST_000452,TKT_00000489,2025-06-29,Billing,Low,Closed,23.717064611484012,4,Chat,AGT_043
CUST_000452,TKT_00000490,2024-12-22,Technical Support,Medium,Closed,57.2136400723687,5,In Store,AGT_036
CUST_000452,TKT_00000491,2025-01-25,Technical Support,Low,Closed,54.082055250228585,4,App,AGT_001
CUST_000452,TKT_00000492,2025-06-09,Billing,Medium,Open,15.471826385103858,2,In Store,AGT_021
CUST_000967,TKT_00000493,2023-01-30,Sales Inquiry,Low,Closed,3.259457362804488,1,App,AGT_037
CUST_000609,TKT_00000494,2023-08-03,Service Change,Medium,In Progress,1.0478630783230414,5,In Store,AGT_006
CUST_000609,TKT_00000495,2022-08-31,Service Change,Low,Closed,4.9221773952380365,3,Email,AGT_012
CUST_000437,TKT_00000496,2024-02-13,Sales Inquiry,Low,Closed,1.511340965735351,4,In Store,AGT_047
CUST_000437,TKT_00000497,2023-10-02,Service Change,High,Closed,3.614016271941512,5,Phone,AGT_004
CUST_000437,TKT_00000498,2024-10-10,Complaint,Low,Closed,30.808203635080822,4,In Store,AGT_048
CUST_000899,TKT_00000499,2024-11-16,Technical Support,Medium,Closed,65.54285931879993,4,Phone,AGT_001
CUST_000899,TKT_00000500,2023-04-12,Sales Inquiry,Low,In Progress,0.6314825646081735,3,App,AGT_013
CUST_000333,TKT_00000501,2021-12-30,Complaint,Medium,Closed,42.29895247924722,2,Chat,AGT_017
CUST_000180,TKT_00000502,2025-07-07,Sales Inquiry,Low,Closed,2.298274946021813,3,App,AGT_050
CUST_000180,TKT_00000503,2025-07-14,Technical Support,Medium,Closed,56.81360217632858,4,App,AGT_023
CUST_000180,TKT_00000504,2025-07-21,Technical Support,Low,Closed,66.25715682695406,4,Chat,AGT_035
CUST_000153,TKT_00000505,2024-12-26,Technical Support,Low,Closed,36.44124101253645,4,In Store,AGT_009
CUST_000482,TKT_00000506,2025-07-21,Complaint,Low,Open,10.835822436278882,4,Email,AGT_040
CUST_000482,TKT_00000507,2025-06-01,Technical Support,Low,Closed,40.16917125777842,2,Chat,AGT_009
CUST_000482,TKT_00000508,2025-05-23,Sales Inquiry,Low,Closed,1.3861240368759193,5,Phone,AGT_016
CUST_000633,TKT_00000509,2024-05-31,Sales Inquiry,High,Closed,1.4907206326315987,4,Email,AGT_028
CUST_000633,TKT_00000510,2024-08-18,Billing,Low,Closed,13.229787797480562,5,App,AGT_024
CUST_000633,TKT_00000511,2023-10-03,Service Change,Medium,Closed,1.4281107405378242,5,Chat,AGT_016
CUST_000978,TKT_00000512,2024-05-30,Technical Support,Medium,Closed,31.059909462232774,4,In Store,AGT_034
CUST_000978,TKT_00000513,2024-08-18,Service Change,Low,Closed,4.924664948562632,4,Phone,AGT_030
CUST_000408,TKT_00000514,2023-12-18,Technical Support,Low,Closed,50.92481358019557,5,In Store,AGT_035
CUST_000408,TKT_00000515,2024-01-01,Complaint,High,Closed,36.772646039271706,5,Chat,AGT_028
CUST_000408,TKT_00000516,2025-04-17,Billing,Medium,Closed,5.889517137039281,5,Phone,AGT_020
CUST_000225,TKT_00000517,2022-01-17,Complaint,Low,Closed,34.37573600740246,4,Chat,AGT_045
CUST_000914,TKT_00000518,2023-08-21,Sales Inquiry,Medium,Closed,2.7600834200055315,5,Phone,AGT_032
CUST_000914,TKT_00000519,2024-05-02,Service Change,Medium,Closed,1.4383959144581435,4,Chat,AGT_037
CUST_000664,TKT_00000520,2022-07-07,Sales Inquiry,High,In Progress,2.140285096285212,5,Chat,AGT_003
CUST_000787,TKT_00000521,2024-02-02,Service Change,Low,Closed,4.66658268968677,4,Email,AGT_014
CUST_000787,TKT_00000522,2025-02-07,Service Change,Low,In Progress,1.1050921785529773,2,In Store,AGT_011
CUST_000787,TKT_00000523,2024-03-17,Billing,Critical,Closed,12.519051677389326,4,App,AGT_037
CUST_000002,TKT_00000524,2024-01-06,Billing,Low,In Progress,1.4630169613712285,4,Chat,AGT_011
CUST_000002,TKT_00000525,2025-02-15,Sales Inquiry,Low,Closed,2.451744264111073,5,In Store,AGT_026
CUST_000002,TKT_00000526,2025-06-18,Complaint,Low,Open,29.154500122637327,5,Email,AGT_040
CUST_000002,TKT_00000527,2023-11-25,Complaint,Critical,Closed,10.215660632400446,2,Phone,AGT_022
CUST_000614,TKT_00000528,2023-04-28,Sales Inquiry,Medium,Closed,0.5183098133896302,1,In Store,AGT_050
CUST_000713,TKT_00000529,2025-06-29,Complaint,Medium,Closed,31.487929319569876,5,In Store,AGT_037
CUST_000337,TKT_00000530,2022-02-06,Technical Support,Medium,In Progress,15.390364290244381,4,In Store,AGT_040
CUST_000337,TKT_00000531,2024-12-16,Sales Inquiry,Low,Closed,2.657400870450666,3,App,AGT_024
CUST_000572,TKT_00000532,2022-04-05,Technical Support,Medium,Closed,15.765376648065601,5,Chat,AGT_013
CUST_000208,TKT_00000533,2024-07-26,Complaint,Medium,Closed,11.983425324955952,4,Email,AGT_003
CUST_000208,TKT_00000534,2022-02-02,Complaint,Low,Open,35.084626503466644,4,Chat,AGT_050
CUST_000993,TKT_00000535,2025-02-09,Service Change,Low,Closed,2.929678540853786,4,Phone,AGT_026
CUST_000850,TKT_00000536,2023-08-21,Technical Support,Medium,Closed,44.17331999280627,3,In Store,AGT_031
CUST_000850,TKT_00000537,2022-05-03,Billing,Medium,Closed,4.915605025660801,5,App,AGT_027
CUST_000850,TKT_00000538,2022-02-28,Service Change,Medium,Closed,3.4252081502845764,5,Chat,AGT_017
CUST_000837,TKT_00000539,2023-07-16,Service Change,Low,Closed,1.473023681553147,2,In Store,AGT_026
CUST_000837,TKT_00000540,2023-09-23,Billing,Low,Closed,12.510999556592274,5,App,AGT_027
CUST_000551,TKT_00000541,2022-09-29,Technical Support,Medium,Open,51.36669519095689,1,App,AGT_016
CUST_000867,TKT_00000542,2025-05-03,Billing,Medium,Closed,20.23820750062317,5,Phone,AGT_049
CUST_000867,TKT_00000543,2025-04-05,Billing,Medium,In Progress,1.0932978391008135,5,App,AGT_008
CUST_000867,TKT_00000544,2025-06-06,Technical Support,Low,Closed,7.314038262324869,5,Chat,AGT_016
CUST_000497,TKT_00000545,2025-05-05,Service Change,Medium,Closed,1.6855894584611482,5,Email,AGT_009
CUST_000329,TKT_00000546,2022-09-08,Billing,Medium,Closed,15.67395644767779,2,In Store,AGT_050
CUST_000329,TKT_00000547,2024-06-10,Sales Inquiry,Low,Open,1.0574074552474853,2,Phone,AGT_007
CUST_000387,TKT_00000548,2022-09-16,Complaint,Low,Closed,10.51508764854504,5,In Store,AGT_022
CUST_000670,TKT_00000549,2023-06-14,Billing,Low,Closed,9.547746470760208,4,Chat,AGT_008
CUST_000640,TKT_00000550,2024-10-20,Sales Inquiry,Low,Closed,1.8236999646144922,4,Email,AGT_028
CUST_000640,TKT_00000551,2023-06-27,Sales Inquiry,High,Closed,1.7103732122014714,3,Email,AGT_007
CUST_000742,TKT_00000552,2023-06-18,Sales Inquiry,Low,Closed,1.6564994425328172,3,Email,AGT_016
CUST_000742,TKT_00000553,2025-06-20,Complaint,Low,In Progress,8.92155836724768,3,Email,AGT_048
CUST_000771,TKT_00000554,2024-02-17,Technical Support,Low,Closed,64.95506711692302,4,Email,AGT_036
CUST_000381,TKT_00000555,2024-05-21,Sales Inquiry,High,In Progress,1.6327416334306508,5,Email,AGT_019
CUST_000381,TKT_00000556,2025-05-04,Service Change,Low,Closed,1.6359057126956258,5,In Store,AGT_032
CUST_000514,TKT_00000557,2025-02-08,Technical Support,Low,Closed,34.692122394672495,5,Phone,AGT_035
CUST_000793,TKT_00000558,2024-03-02,Sales Inquiry,Medium,In Progress,2.668761593696373,5,In Store,AGT_003
CUST_000793,TKT_00000559,2023-02-24,Complaint,Low,Closed,5.504033917863603,4,App,AGT_012
CUST_000234,TKT_00000560,2025-03-30,Billing,High,Closed,5.9736090328469675,2,In Store,AGT_031
CUST_000234,TKT_00000561,2025-04-02,Complaint,Medium,Closed,42.820294420449166,4,Phone,AGT_031
CUST_000775,TKT_00000562,2024-08-17,Billing,High,Closed,12.167990721695904,5,Phone,AGT_049
CUST_000775,TKT_00000563,2025-07-05,Complaint,Medium,Closed,35.641058379782415,3,Phone,AGT_034
CUST_000407,TKT_00000564,2024-12-25,Service Change,Low,Open,1.5945752719687931,4,Chat,AGT_018
CUST_000407,TKT_00000565,2024-08-24,Technical Support,Low,In Progress,51.795649956620245,5,In Store,AGT_007
CUST_000007,TKT_00000566,2023-04-06,Billing,Low,In Progress,1.9745446793251484,4,Chat,AGT_007
CUST_000505,TKT_00000567,2022-04-22,Billing,Low,Closed,13.227454537932942,5,App,AGT_013
CUST_000505,TKT_00000568,2022-04-13,Technical Support,Low,Closed,54.717967706405744,3,Chat,AGT_015
CUST_000146,TKT_00000569,2025-06-09,Billing,Low,Closed,15.418627174081644,4,Phone,AGT_020
CUST_000058,TKT_00000570,2025-07-28,Service Change,Medium,Closed,6.047793874298824,3,Phone,AGT_017
CUST_000058,TKT_00000571,2025-07-19,Technical Support,Medium,Closed,40.24040457623015,2,App,AGT_017
CUST_000058,TKT_00000572,2025-07-12,Complaint,Medium,In Progress,37.25636236969372,3,Phone,AGT_015
CUST_000651,TKT_00000573,2025-03-26,Sales Inquiry,Low,Closed,1.348632794099824,1,Chat,AGT_021
CUST_000651,TKT_00000574,2024-04-22,Sales Inquiry,Low,Closed,2.1792235561139606,4,Chat,AGT_004
CUST_000143,TKT_00000575,2025-03-05,Technical Support,Medium,Closed,67.43490720757423,3,Phone,AGT_040
CUST_000143,TKT_00000576,2025-03-01,Complaint,Medium,Open,16.405903480516365,4,Email,AGT_027
CUST_000143,TKT_00000577,2025-05-05,Billing,Low,Closed,22.50519957864722,3,Chat,AGT_018
CUST_000358,TKT_00000578,2025-04-18,Complaint,Low,In Progress,8.725837399661684,4,Chat,AGT_039
CUST_000358,TKT_00000579,2025-07-05,Technical Support,Medium,Closed,43.13148042967231,4,In Store,AGT_049
CUST_000358,TKT_00000580,2025-07-09,Service Change,Low,Closed,7.694162090047398,4,In Store,AGT_018
CUST_000861,TKT_00000581,2024-02-26,Service Change,High,In Progress,6.063987817362699,3,Email,AGT_009
CUST_000397,TKT_00000582,2022-11-08,Technical Support,Medium,Closed,27.656487982788136,5,App,AGT_017
CUST_000221,TKT_00000583,2024-06-17,Service Change,Low,Open,7.391554156583208,3,Chat,AGT_038
CUST_000786,TKT_00000584,2024-02-13,Complaint,Medium,Closed,15.728441224532585,4,Phone,AGT_010
CUST_000481,TKT_00000585,2025-07-14,Complaint,Medium,Closed,24.12557527295518,4,App,AGT_023
CUST_000481,TKT_00000586,2025-02-10,Sales Inquiry,Low,Closed,1.0658356274348426,4,Email,AGT_006
CUST_000064,TKT_00000587,2022-06-11,Technical Support,Low,Closed,29.97264581653303,4,Email,AGT_035
CUST_000200,TKT_00000588,2024-11-29,Service Change,Medium,Closed,6.711603811391061,4,Email,AGT_014
CUST_000200,TKT_00000589,2025-06-14,Complaint,Medium,Closed,21.599099311424858,3,App,AGT_034
CUST_000262,TKT_00000590,2025-04-01,Billing,Low,Closed,13.169374518674292,1,App,AGT_050
CUST_000116,TKT_00000591,2023-06-28,Complaint,Medium,Closed,12.80131825348707,5,App,AGT_048
CUST_000678,TKT_00000592,2025-05-19,Billing,Low,Closed,23.420109658290354,2,Phone,AGT_035
CUST_000176,TKT_00000593,2022-07-17,Complaint,Low,Closed,38.19436385941351,1,Email,AGT_019
CUST_000176,TKT_00000594,2023-05-23,Service Change,Low,Closed,1.072900071689895,4,Chat,AGT_011
CUST_000176,TKT_00000595,2025-03-23,Service Change,High,Closed,6.46830688364491,4,In Store,AGT_039
CUST_000620,TKT_00000596,2025-07-15,Service Change,Medium,Closed,0.6225661543843095,5,In Store,AGT_030
CUST_000620,TKT_00000597,2024-11-23,Billing,Medium,Closed,18.786550140147014,5,Chat,AGT_038
CUST_000620,TKT_00000598,2025-06-24,Service Change,Medium,Closed,1.401023730704697,4,App,AGT_018
CUST_000724,TKT_00000599,2024-08-16,Technical Support,Medium,Open,36.64521188461923,4,In Store,AGT_038
CUST_000724,TKT_00000600,2024-11-26,Sales Inquiry,High,Closed,2.329512449902645,5,Chat,AGT_048
CUST_000724,TKT_00000601,2022-01-08,Service Change,Low,Closed,3.0440725406869893,4,App,AGT_012
CUST_000414,TKT_00000602,2024-07-31,Sales Inquiry,Medium,Open,3.8820304286924254,3,Phone,AGT_043
CUST_000654,TKT_00000603,2022-07-14,Complaint,Medium,Closed,16.357107114837895,4,Phone,AGT_048
CUST_000320,TKT_00000604,2025-02-21,Sales Inquiry,Low,Closed,1.7019994206371547,3,Chat,AGT_045
CUST_000320,TKT_00000605,2025-01-16,Technical Support,High,Closed,17.9775806583513,1,Chat,AGT_008
CUST_000320,TKT_00000606,2024-07-07,Technical Support,Low,Closed,34.127156615947214,5,App,AGT_029
CUST_000696,TKT_00000607,2022-11-18,Service Change,High,Open,4.531675359630798,5,Email,AGT_043
CUST_000466,TKT_00000608,2025-03-07,Service Change,Low,In Progress,7.275356326019359,4,Phone,AGT_001
CUST_000695,TKT_00000609,2021-12-25,Sales Inquiry,Critical,Closed,3.3727618655991756,5,Email,AGT_044
CUST_000613,TKT_00000610,2023-06-28,Complaint,Low,Closed,38.7045537742406,4,Chat,AGT_019
CUST_000338,TKT_00000611,2024-12-25,Service Change,Low,Closed,2.582730052139137,4,Chat,AGT_036
CUST_000709,TKT_00000612,2025-06-30,Billing,Low,Closed,10.260051616959514,3,Phone,AGT_046
CUST_000709,TKT_00000613,2025-05-02,Sales Inquiry,Medium,Closed,0.7990424967772091,5,Chat,AGT_038
CUST_000709,TKT_00000614,2025-06-12,Sales Inquiry,Medium,Closed,3.0798905295949623,3,App,AGT_030
CUST_000238,TKT_00000615,2024-03-17,Service Change,Medium,Open,6.2412385904075025,5,Phone,AGT_045
CUST_000238,TKT_00000616,2025-05-15,Service Change,Low,Open,6.708112017192953,4,Chat,AGT_031
CUST_000905,TKT_00000617,2025-07-05,Billing,Critical,In Progress,16.096616564885224,2,Email,AGT_012
CUST_000905,TKT_00000618,2025-04-11,Sales Inquiry,Medium,Closed,2.2910973026398485,4,Email,AGT_040
CUST_000905,TKT_00000619,2025-07-19,Billing,Low,Closed,5.722319787137869,5,Phone,AGT_002
CUST_000946,TKT_00000620,2025-04-25,Service Change,High,Closed,4.516559715534285,5,Phone,AGT_044
CUST_000946,TKT_00000621,2023-06-23,Technical Support,Medium,Closed,22.669566723535688,1,In Store,AGT_003
CUST_000292,TKT_00000622,2025-06-29,Billing,Low,Closed,15.658864332407767,3,Phone,AGT_045
CUST_000292,TKT_00000623,2025-07-25,Service Change,Medium,Closed,2.176393348008263,5,Chat,AGT_034
CUST_000537,TKT_00000624,2023-02-28,Technical Support,High,Closed,50.09616744381556,3,App,AGT_044
CUST_000716,TKT_00000625,2025-01-03,Technical Support,Low,Open,67.5503916568882,4,Chat,AGT_022
CUST_000051,TKT_00000626,2022-05-31,Sales Inquiry,High,Closed,2.0031121821915625,3,Chat,AGT_035
CUST_000931,TKT_00000627,2023-09-10,Technical Support,Medium,Closed,29.51462067770614,1,Chat,AGT_021
CUST_000931,TKT_00000628,2022-01-02,Sales Inquiry,Low,Closed,0.9794362178742272,2,Phone,AGT_040
CUST_000780,TKT_00000629,2022-10-27,Service Change,High,Closed,5.352645986919118,4,In Store,AGT_040
CUST_000780,TKT_00000630,2022-11-02,Complaint,Low,Closed,28.60714890738377,4,App,AGT_044
CUST_000669,TKT_00000631,2024-01-19,Billing,Medium,Closed,12.132708421104795,4,In Store,AGT_008
CUST_000669,TKT_00000632,2023-04-27,Technical Support,High,Closed,29.84045335451955,2,Phone,AGT_038
CUST_000691,TKT_00000633,2024-08-04,Complaint,Low,Closed,19.92512486236744,4,App,AGT_017
CUST_000574,TKT_00000634,2023-07-20,Technical Support,Medium,Closed,70.22062043800443,3,Phone,AGT_012
CUST_000574,TKT_00000635,2023-02-28,Billing,Low,Closed,19.9814495223207,4,Phone,AGT_027
CUST_000639,TKT_00000636,2025-06-20,Sales Inquiry,Low,Open,3.8924364870924326,4,Phone,AGT_049
CUST_000508,TKT_00000637,2023-05-25,Service Change,High,Closed,5.721020623966429,3,In Store,AGT_037
CUST_000616,TKT_00000638,2023-09-04,Sales Inquiry,High,In Progress,3.251131010344782,4,App,AGT_003
CUST_000267,TKT_00000639,2021-10-02,Sales Inquiry,Medium,Closed,2.601310529179427,5,Chat,AGT_032
CUST_000056,TKT_00000640,2025-05-27,Service Change,Low,Closed,6.16123961869502,5,In Store,AGT_044
CUST_000485,TKT_00000641,2025-05-19,Complaint,Medium,Closed,43.45778321646641,3,App,AGT_040
CUST_000485,TKT_00000642,2023-11-05,Service Change,Low,Closed,1.961651854277837,5,Chat,AGT_009
CUST_000062,TKT_00000643,2025-05-08,Sales Inquiry,Low,Closed,0.7171533852685009,4,App,AGT_006
CUST_000353,TKT_00000644,2023-02-28,Sales Inquiry,Medium,Closed,2.6471572233640726,5,In Store,AGT_029
CUST_000353,TKT_00000645,2022-08-08,Service Change,Medium,In Progress,1.862086445249084,3,Phone,AGT_035
CUST_000353,TKT_00000646,2024-12-07,Technical Support,Low,Closed,43.8820876107725,5,In Store,AGT_041
CUST_000147,TKT_00000647,2024-12-23,Complaint,Low,Closed,15.162519556455653,4,Phone,AGT_041
CUST_000853,TKT_00000648,2023-08-08,Complaint,Low,Open,21.810233406208617,1,In Store,AGT_033
CUST_000720,TKT_00000649,2025-04-18,Complaint,Low,Closed,26.942080541636102,1,Phone,AGT_027
CUST_000831,TKT_00000650,2024-08-05,Billing,Medium,Closed,21.888581387826292,4,Email,AGT_041
CUST_000380,TKT_00000651,2021-11-22,Billing,Low,Closed,23.00273918166561,3,Phone,AGT_045
CUST_000705,TKT_00000652,2022-10-28,Technical Support,Low,Open,47.13167228656705,3,Chat,AGT_015
CUST_000581,TKT_00000653,2024-12-07,Service Change,Medium,Closed,3.0938519644008293,3,In Store,AGT_005
CUST_000660,TKT_00000654,2025-04-10,Complaint,Low,Closed,10.180460623711724,4,In Store,AGT_015
CUST_000660,TKT_00000655,2025-01-01,Technical Support,Low,Closed,39.757412433089485,5,Chat,AGT_044
CUST_000070,TKT_00000656,2021-03-07,Technical Support,High,Closed,65.56598330321376,3,Phone,AGT_031
CUST_000070,TKT_00000657,2023-03-26,Complaint,Low,Closed,42.68425819528861,1,App,AGT_040
CUST_000070,TKT_00000658,2021-11-30,Service Change,Low,Closed,2.311016936139776,4,Phone,AGT_036
CUST_000070,TKT_00000659,2023-02-22,Service Change,Low,Closed,7.897744621646806,4,Email,AGT_020
CUST_000070,TKT_00000660,2022-05-17,Service Change,Medium,Open,4.023800415813875,3,Chat,AGT_007
CUST_000852,TKT_00000661,2021-04-05,Complaint,Medium,Closed,5.85440854784798,2,Chat,AGT_050
CUST_000431,TKT_00000662,2024-01-08,Service Change,Medium,Closed,7.6048944724281,2,Phone,AGT_028
CUST_000431,TKT_00000663,2023-08-31,Sales Inquiry,High,Closed,3.448837497777917,4,In Store,AGT_017
CUST_000431,TKT_00000664,2025-07-05,Service Change,Critical,Closed,0.8679806993431225,2,App,AGT_032
CUST_000349,TKT_00000665,2025-07-18,Complaint,Critical,Closed,30.585116980230215,4,App,AGT_027
CUST_000865,TKT_00000666,2023-06-20,Sales Inquiry,Low,Closed,2.418246917020143,5,Chat,AGT_021
CUST_000972,TKT_00000667,2024-02-27,Sales Inquiry,Low,Closed,3.7639554977456253,5,Chat,AGT_017
CUST_000972,TKT_00000668,2025-06-08,Complaint,Low,Closed,23.9094632519952,4,Phone,AGT_037
CUST_000587,TKT_00000669,2025-07-23,Complaint,Medium,Closed,20.952987154810373,4,In Store,AGT_029
CUST_000846,TKT_00000670,2025-07-05,Service Change,Low,Closed,2.55632331789806,4,App,AGT_042
CUST_000495,TKT_00000671,2025-05-03,Sales Inquiry,Low,Closed,2.4772982000831587,5,Chat,AGT_043
CUST_000511,TKT_00000672,2025-05-23,Service Change,Low,Open,4.1251050838206424,1,Phone,AGT_004
CUST_000684,TKT_00000673,2024-06-09,Sales Inquiry,Medium,Closed,3.6890556314767187,4,App,AGT_032
CUST_000684,TKT_00000674,2025-05-06,Billing,Low,Closed,2.8619220544968735,4,App,AGT_020
CUST_000016,TKT_00000675,2024-12-29,Complaint,Medium,Closed,37.39418258238717,4,Email,AGT_022
CUST_000016,TKT_00000676,2025-06-07,Billing,Medium,Closed,11.707691205495005,4,In Store,AGT_010
CUST_000289,TKT_00000677,2021-10-03,Technical Support,Low,Closed,41.96994600859822,4,Email,AGT_049
CUST_000289,TKT_00000678,2022-11-25,Complaint,Medium,Closed,24.780700514426282,1,In Store,AGT_047
CUST_000289,TKT_00000679,2023-11-19,Complaint,Medium,Closed,17.2631893134749,4,App,AGT_046
CUST_000629,TKT_00000680,2024-09-16,Billing,High,Closed,3.8182614473116887,3,Email,AGT_040
CUST_000460,TKT_00000681,2024-04-22,Sales Inquiry,Medium,Open,3.8871260449335745,5,Chat,AGT_026
CUST_000460,TKT_00000682,2024-09-11,Billing,High,Open,9.294142084997484,5,In Store,AGT_015
CUST_000187,TKT_00000683,2025-06-21,Sales Inquiry,Medium,Closed,2.824480811971083,4,In Store,AGT_031
CUST_000509,TKT_00000684,2021-12-18,Billing,High,Closed,13.969382492156258,5,Email,AGT_029
CUST_000304,TKT_00000685,2022-06-08,Complaint,Low,Closed,41.44361402135196,5,In Store,AGT_041
CUST_000304,TKT_00000686,2023-05-29,Billing,High,Open,20.792766525470643,5,Email,AGT_033
CUST_000652,TKT_00000687,2025-07-22,Billing,Medium,Closed,20.493187222352955,5,Email,AGT_041
CUST_000652,TKT_00000688,2025-07-09,Service Change,Critical,In Progress,7.0518975816893255,4,Email,AGT_044
CUST_000957,TKT_00000689,2025-04-23,Technical Support,Medium,Closed,26.833021315536612,5,Phone,AGT_006
CUST_000983,TKT_00000690,2025-02-21,Complaint,Medium,Closed,34.41400429124575,4,In Store,AGT_026
CUST_000983,TKT_00000691,2024-06-24,Service Change,Low,Closed,4.36522852119896,5,Chat,AGT_041
CUST_000250,TKT_00000692,2025-01-03,Billing,Low,Closed,21.232906824795553,5,Chat,AGT_008
CUST_000250,TKT_00000693,2024-11-23,Technical Support,Low,Closed,37.86145043208378,4,App,AGT_021
CUST_000022,TKT_00000694,2025-07-28,Technical Support,Low,In Progress,61.24461219792882,3,In Store,AGT_001
CUST_000411,TKT_00000695,2024-10-22,Complaint,Low,Closed,11.900512392100214,5,App,AGT_043
CUST_000411,TKT_00000696,2024-08-08,Complaint,High,Closed,12.454067439334501,3,In Store,AGT_034
CUST_000411,TKT_00000697,2025-05-07,Billing,Low,In Progress,22.76809025794671,5,In Store,AGT_047
CUST_000325,TKT_00000698,2025-07-18,Technical Support,Medium,Closed,36.070749912427566,2,App,AGT_023
CUST_000325,TKT_00000699,2025-07-12,Service Change,Low,Closed,6.245060399093889,3,Chat,AGT_039
CUST_000595,TKT_00000700,2025-02-20,Service Change,Medium,Closed,1.7978690775005177,5,Phone,AGT_008
CUST_000595,TKT_00000701,2025-03-09,Complaint,Low,Closed,14.889489682612686,3,Chat,AGT_047
CUST_000595,TKT_00000702,2023-07-13,Billing,Medium,In Progress,20.95409337811446,5,In Store,AGT_009
CUST_000042,TKT_00000703,2023-11-17,Billing,Low,Closed,23.438478242454643,4,Chat,AGT_024
CUST_000042,TKT_00000704,2025-04-01,Service Change,Low,Closed,4.194693735149172,3,App,AGT_020
CUST_000042,TKT_00000705,2024-10-03,Service Change,Low,Closed,4.660435003641608,3,Email,AGT_045
CUST_000484,TKT_00000706,2024-04-01,Billing,Medium,Closed,19.868328604728408,5,Email,AGT_040
CUST_000484,TKT_00000707,2024-07-09,Complaint,Low,Closed,47.967279458261146,3,In Store,AGT_025
CUST_000484,TKT_00000708,2025-07-24,Technical Support,High,Closed,23.00110327292233,1,Chat,AGT_035
CUST_000321,TKT_00000709,2021-08-19,Billing,Medium,Closed,9.991884112056622,3,Chat,AGT_018
CUST_000321,TKT_00000710,2022-04-12,Service Change,Medium,Open,7.371528465566942,5,Email,AGT_012
CUST_000321,TKT_00000711,2023-03-01,Billing,Low,Closed,2.627220187039916,3,Email,AGT_029
CUST_000947,TKT_00000712,2024-07-06,Complaint,High,Closed,7.077405912371829,5,In Store,AGT_008
CUST_000615,TKT_00000713,2025-05-19,Service Change,Low,Closed,7.956904996871592,4,Email,AGT_021
CUST_000130,TKT_00000714,2025-03-16,Billing,Medium,Closed,5.062963040669283,5,Email,AGT_019
CUST_000130,TKT_00000715,2025-01-21,Billing,Low,Closed,21.90179468307865,5,In Store,AGT_040
CUST_000130,TKT_00000716,2025-03-15,Technical Support,Medium,In Progress,43.12887170801335,4,Phone,AGT_015
CUST_000231,TKT_00000717,2024-01-20,Complaint,Low,Closed,25.26374821413061,4,Email,AGT_001
CUST_000231,TKT_00000718,2021-10-06,Sales Inquiry,Low,Open,1.192164525831707,5,Chat,AGT_032
CUST_000731,TKT_00000719,2025-03-03,Complaint,Low,Closed,40.20055255531236,3,Email,AGT_008
CUST_000731,TKT_00000720,2025-06-17,Billing,High,In Progress,10.513758999257224,4,Chat,AGT_007
CUST_000731,TKT_00000721,2025-07-17,Service Change,Low,Closed,1.59738258810412,2,App,AGT_016
